p1,p2,similarity
"""bbra_rtr/te7/1""","""bbrb_rtr/te7/1""",1.0
"""bbra_rtr/gi4/1""","""bbrb_rtr/gi4/1""",1.0
"""roza_rtr/te3/1""","""bozb_rtr/te2/1""",1.0
"""roza_rtr/te3/1""","""yozb_rtr/te1/1""",1.0
"""roza_rtr/te3/1""","""bbrb_rtr/te6/3""",1.0
"""roza_rtr/gi1/2""","""goza_rtr/gi1/2""",1.0
"""roza_rtr/gi1/2""","""pozb_rtr/gi1/2""",1.0
"""roza_rtr/gi1/2""","""poza_rtr/gi1/2""",1.0
"""roza_rtr/gi1/2""","""bozb_rtr/gi1/2""",1.0
"""roza_rtr/te2/1""","""yozb_rtr/te2/1""",1.0
"""roza_rtr/te2/1""","""bozb_rtr/te3/1""",1.0
"""bbrb_rtr/te1/1""","""pozb_rtr/te2/1""",1.0
"""bbrb_rtr/te1/1""","""goza_rtr/te3/1""",1.0
"""bbrb_rtr/te6/3""","""bozb_rtr/te2/1""",1.0
"""bbrb_rtr/te6/3""","""yozb_rtr/te1/1""",1.0
"""bbrb_rtr/te6/3""","""roza_rtr/te3/1""",1.0
"""bbrb_rtr/gi4/1""","""bbra_rtr/gi4/1""",1.0
"""bbrb_rtr/gi4/3""","""yoza_rtr/te7/1""",1.0
"""bbrb_rtr/gi4/3""","""bbrb_rtr/te7/4""",1.0
"""coza_rtr/gi1/2""","""soza_rtr/gi1/1""",1.0
"""coza_rtr/gi1/2""","""sozb_rtr/gi1/2""",1.0
"""coza_rtr/gi1/2""","""cozb_rtr/gi1/1""",1.0
"""coza_rtr/gi1/2""","""gozb_rtr/gi1/1""",1.0
"""coza_rtr/gi1/2""","""pozb_rtr/gi1/1""",1.0
"""coza_rtr/gi1/2""","""poza_rtr/gi4/48""",1.0
"""coza_rtr/gi1/2""","""goza_rtr/gi4/48""",1.0
"""coza_rtr/gi1/2""","""bozb_rtr/gi1/1""",1.0
"""coza_rtr/gi1/2""","""boza_rtr/gi4/48""",1.0
"""cozb_rtr/te2/1""","""soza_rtr/te3/1""",1.0
"""cozb_rtr/gi1/1""","""soza_rtr/gi1/1""",1.0
"""cozb_rtr/gi1/1""","""sozb_rtr/gi1/2""",1.0
"""cozb_rtr/gi1/1""","""coza_rtr/gi1/2""",1.0
"""cozb_rtr/gi1/1""","""gozb_rtr/gi1/1""",1.0
"""cozb_rtr/gi1/1""","""pozb_rtr/gi1/1""",1.0
"""cozb_rtr/gi1/1""","""poza_rtr/gi4/48""",1.0
"""cozb_rtr/gi1/1""","""goza_rtr/gi4/48""",1.0
"""cozb_rtr/gi1/1""","""bozb_rtr/gi1/1""",1.0
"""cozb_rtr/gi1/1""","""boza_rtr/gi4/48""",1.0
"""goza_rtr/te3/1""","""pozb_rtr/te2/1""",1.0
"""goza_rtr/te3/1""","""bbrb_rtr/te1/1""",1.0
"""goza_rtr/gi1/2""","""bozb_rtr/gi1/2""",1.0
"""goza_rtr/gi1/2""","""pozb_rtr/gi1/2""",1.0
"""goza_rtr/gi1/2""","""poza_rtr/gi1/2""",1.0
"""goza_rtr/gi1/2""","""roza_rtr/gi1/2""",1.0
"""goza_rtr/te2/1""","""pozb_rtr/te3/1""",1.0
"""goza_rtr/gi4/48""","""soza_rtr/gi1/1""",1.0
"""goza_rtr/gi4/48""","""sozb_rtr/gi1/2""",1.0
"""goza_rtr/gi4/48""","""coza_rtr/gi1/2""",1.0
"""goza_rtr/gi4/48""","""gozb_rtr/gi1/1""",1.0
"""goza_rtr/gi4/48""","""pozb_rtr/gi1/1""",1.0
"""goza_rtr/gi4/48""","""poza_rtr/gi4/48""",1.0
"""goza_rtr/gi4/48""","""cozb_rtr/gi1/1""",1.0
"""goza_rtr/gi4/48""","""bozb_rtr/gi1/1""",1.0
"""goza_rtr/gi4/48""","""boza_rtr/gi4/48""",1.0
"""goza_rtr/gi4/4""","""goza_rtr/gi4/5""",1.0
"""goza_rtr/gi4/5""","""goza_rtr/gi4/4""",1.0
"""goza_rtr/gi4/19""","""goza_rtr/gi4/20""",1.0
"""goza_rtr/gi4/20""","""goza_rtr/gi4/19""",1.0
"""gozb_rtr/te2/1""","""poza_rtr/te3/1""",1.0
"""gozb_rtr/te3/1""","""poza_rtr/te2/1""",1.0
"""gozb_rtr/gi1/1""","""soza_rtr/gi1/1""",1.0
"""gozb_rtr/gi1/1""","""sozb_rtr/gi1/2""",1.0
"""gozb_rtr/gi1/1""","""coza_rtr/gi1/2""",1.0
"""gozb_rtr/gi1/1""","""goza_rtr/gi4/48""",1.0
"""gozb_rtr/gi1/1""","""pozb_rtr/gi1/1""",1.0
"""gozb_rtr/gi1/1""","""poza_rtr/gi4/48""",1.0
"""gozb_rtr/gi1/1""","""cozb_rtr/gi1/1""",1.0
"""gozb_rtr/gi1/1""","""bozb_rtr/gi1/1""",1.0
"""gozb_rtr/gi1/1""","""boza_rtr/gi4/48""",1.0
"""gozb_rtr/gi4/4""","""gozb_rtr/gi4/5""",1.0
"""boza_rtr/gi4/48""","""sozb_rtr/gi1/2""",1.0
"""boza_rtr/gi4/48""","""bozb_rtr/gi1/1""",1.0
"""boza_rtr/gi4/48""","""cozb_rtr/gi1/1""",1.0
"""boza_rtr/gi4/48""","""gozb_rtr/gi1/1""",1.0
"""boza_rtr/gi4/48""","""pozb_rtr/gi1/1""",1.0
"""boza_rtr/gi4/48""","""poza_rtr/gi4/48""",1.0
"""boza_rtr/gi4/48""","""goza_rtr/gi4/48""",1.0
"""boza_rtr/gi4/48""","""coza_rtr/gi1/2""",1.0
"""boza_rtr/gi4/48""","""soza_rtr/gi1/1""",1.0
"""soza_rtr/te3/1""","""cozb_rtr/te2/1""",1.0
"""soza_rtr/gi1/1""","""sozb_rtr/gi1/2""",1.0
"""soza_rtr/gi1/1""","""bozb_rtr/gi1/1""",1.0
"""soza_rtr/gi1/1""","""cozb_rtr/gi1/1""",1.0
"""soza_rtr/gi1/1""","""gozb_rtr/gi1/1""",1.0
"""soza_rtr/gi1/1""","""pozb_rtr/gi1/1""",1.0
"""soza_rtr/gi1/1""","""poza_rtr/gi4/48""",1.0
"""soza_rtr/gi1/1""","""goza_rtr/gi4/48""",1.0
"""soza_rtr/gi1/1""","""coza_rtr/gi1/2""",1.0
"""soza_rtr/gi1/1""","""boza_rtr/gi4/48""",1.0
"""gozb_rtr/gi4/5""","""gozb_rtr/gi4/4""",1.0
"""gozb_rtr/gi4/19""","""gozb_rtr/gi4/20""",1.0
"""gozb_rtr/gi4/20""","""gozb_rtr/gi4/19""",1.0
"""poza_rtr/te3/1""","""gozb_rtr/te2/1""",1.0
"""poza_rtr/gi1/2""","""goza_rtr/gi1/2""",1.0
"""poza_rtr/gi1/2""","""pozb_rtr/gi1/2""",1.0
"""poza_rtr/gi1/2""","""bozb_rtr/gi1/2""",1.0
"""poza_rtr/gi1/2""","""roza_rtr/gi1/2""",1.0
"""poza_rtr/te2/1""","""gozb_rtr/te3/1""",1.0
"""poza_rtr/gi4/48""","""soza_rtr/gi1/1""",1.0
"""poza_rtr/gi4/48""","""sozb_rtr/gi1/2""",1.0
"""poza_rtr/gi4/48""","""coza_rtr/gi1/2""",1.0
"""poza_rtr/gi4/48""","""goza_rtr/gi4/48""",1.0
"""poza_rtr/gi4/48""","""pozb_rtr/gi1/1""",1.0
"""poza_rtr/gi4/48""","""gozb_rtr/gi1/1""",1.0
"""poza_rtr/gi4/48""","""cozb_rtr/gi1/1""",1.0
"""poza_rtr/gi4/48""","""bozb_rtr/gi1/1""",1.0
"""poza_rtr/gi4/48""","""boza_rtr/gi4/48""",1.0
"""pozb_rtr/te2/1""","""goza_rtr/te3/1""",1.0
"""pozb_rtr/te2/1""","""bbrb_rtr/te1/1""",1.0
"""pozb_rtr/gi1/2""","""goza_rtr/gi1/2""",1.0
"""pozb_rtr/gi1/2""","""poza_rtr/gi1/2""",1.0
"""pozb_rtr/gi1/2""","""bozb_rtr/gi1/2""",1.0
"""pozb_rtr/gi1/2""","""roza_rtr/gi1/2""",1.0
"""pozb_rtr/te3/1""","""goza_rtr/te2/1""",1.0
"""pozb_rtr/gi1/1""","""soza_rtr/gi1/1""",1.0
"""pozb_rtr/gi1/1""","""sozb_rtr/gi1/2""",1.0
"""pozb_rtr/gi1/1""","""coza_rtr/gi1/2""",1.0
"""pozb_rtr/gi1/1""","""goza_rtr/gi4/48""",1.0
"""pozb_rtr/gi1/1""","""poza_rtr/gi4/48""",1.0
"""pozb_rtr/gi1/1""","""gozb_rtr/gi1/1""",1.0
"""pozb_rtr/gi1/1""","""cozb_rtr/gi1/1""",1.0
"""pozb_rtr/gi1/1""","""bozb_rtr/gi1/1""",1.0
"""pozb_rtr/gi1/1""","""boza_rtr/gi4/48""",1.0
"""yoza_rtr/fa4/46""","""yozb_rtr/gi5/2""",1.0
"""yoza_rtr/te1/1""","""yozb_rtr/te1/3""",1.0
"""yoza_rtr/gi2/3""","""yoza_rtr/gi2/16""",1.0
"""yoza_rtr/gi2/3""","""yoza_rtr/gi3/4""",1.0
"""yoza_rtr/gi2/3""","""yoza_rtr/gi3/3""",1.0
"""yoza_rtr/gi2/3""","""yoza_rtr/gi2/13""",1.0
"""yoza_rtr/gi2/13""","""yoza_rtr/gi2/16""",1.0
"""yoza_rtr/gi2/13""","""yoza_rtr/gi3/4""",1.0
"""yoza_rtr/gi2/13""","""yoza_rtr/gi3/3""",1.0
"""yoza_rtr/gi2/13""","""yoza_rtr/gi2/3""",1.0
"""yoza_rtr/gi2/16""","""yoza_rtr/gi2/13""",1.0
"""yoza_rtr/gi2/16""","""yoza_rtr/gi3/4""",1.0
"""yoza_rtr/gi2/16""","""yoza_rtr/gi3/3""",1.0
"""yoza_rtr/gi2/16""","""yoza_rtr/gi2/3""",1.0
"""yoza_rtr/gi3/3""","""yoza_rtr/gi2/13""",1.0
"""yoza_rtr/gi3/3""","""yoza_rtr/gi3/4""",1.0
"""yoza_rtr/gi3/3""","""yoza_rtr/gi2/16""",1.0
"""yoza_rtr/gi3/3""","""yoza_rtr/gi2/3""",1.0
"""yoza_rtr/gi3/4""","""yoza_rtr/gi2/13""",1.0
"""yoza_rtr/gi3/4""","""yoza_rtr/gi3/3""",1.0
"""yoza_rtr/gi3/4""","""yoza_rtr/gi2/16""",1.0
"""yoza_rtr/gi3/4""","""yoza_rtr/gi2/3""",1.0
"""rozb_rtr/te2/1""","""bbrb_rtr/te1/3""",1.0
"""bbrb_rtr/te7/4""","""yoza_rtr/te7/1""",1.0
"""bbrb_rtr/te7/4""","""bbrb_rtr/gi4/3""",1.0
"""bbrb_rtr/te7/1""","""bbra_rtr/te7/1""",1.0
"""bbrb_rtr/te1/3""","""rozb_rtr/te2/1""",1.0
"""sozb_rtr/te2/1""","""coza_rtr/te3/1""",1.0
"""sozb_rtr/gi1/2""","""soza_rtr/gi1/1""",1.0
"""sozb_rtr/gi1/2""","""bozb_rtr/gi1/1""",1.0
"""sozb_rtr/gi1/2""","""cozb_rtr/gi1/1""",1.0
"""sozb_rtr/gi1/2""","""gozb_rtr/gi1/1""",1.0
"""sozb_rtr/gi1/2""","""pozb_rtr/gi1/1""",1.0
"""sozb_rtr/gi1/2""","""poza_rtr/gi4/48""",1.0
"""sozb_rtr/gi1/2""","""goza_rtr/gi4/48""",1.0
"""sozb_rtr/gi1/2""","""coza_rtr/gi1/2""",1.0
"""sozb_rtr/gi1/2""","""boza_rtr/gi4/48""",1.0
"""yoza_rtr/te1/2""","""yozb_rtr/te1/2""",1.0
"""yoza_rtr/te7/1""","""bbrb_rtr/gi4/3""",1.0
"""yoza_rtr/te7/1""","""bbrb_rtr/te7/4""",1.0
"""yoza_rtr/gi2/8""","""yoza_rtr/fa4/45""",1.0
"""yoza_rtr/gi2/8""","""yoza_rtr/gi2/10""",1.0
"""yoza_rtr/gi2/10""","""yoza_rtr/fa4/45""",1.0
"""yoza_rtr/gi2/10""","""yoza_rtr/gi2/8""",1.0
"""yoza_rtr/fa4/45""","""yoza_rtr/gi2/10""",1.0
"""yoza_rtr/fa4/45""","""yoza_rtr/gi2/8""",1.0
"""yoza_rtr/gi5/1""","""yoza_rtr/fa4/4""",1.0
"""yoza_rtr/fa4/37""","""yoza_rtr/fa4/39""",1.0
"""yoza_rtr/fa4/39""","""yoza_rtr/fa4/37""",1.0
"""yoza_rtr/fa4/4""","""yoza_rtr/gi5/1""",1.0
"""yozb_rtr/te1/2""","""yoza_rtr/te1/2""",1.0
"""yozb_rtr/te1/1""","""bbrb_rtr/te6/3""",1.0
"""yozb_rtr/te1/1""","""bozb_rtr/te2/1""",1.0
"""yozb_rtr/te1/1""","""roza_rtr/te3/1""",1.0
"""yozb_rtr/te1/3""","""yoza_rtr/te1/1""",1.0
"""yozb_rtr/gi5/2""","""yoza_rtr/fa4/46""",1.0
"""yozb_rtr/te2/1""","""bozb_rtr/te3/1""",1.0
"""yozb_rtr/te2/1""","""roza_rtr/te2/1""",1.0
"""bozb_rtr/te2/1""","""bbrb_rtr/te6/3""",1.0
"""bozb_rtr/te2/1""","""yozb_rtr/te1/1""",1.0
"""bozb_rtr/te2/1""","""roza_rtr/te3/1""",1.0
"""bozb_rtr/te3/1""","""yozb_rtr/te2/1""",1.0
"""bozb_rtr/te3/1""","""roza_rtr/te2/1""",1.0
"""bozb_rtr/gi1/2""","""goza_rtr/gi1/2""",1.0
"""bozb_rtr/gi1/2""","""pozb_rtr/gi1/2""",1.0
"""bozb_rtr/gi1/2""","""poza_rtr/gi1/2""",1.0
"""bozb_rtr/gi1/2""","""roza_rtr/gi1/2""",1.0
"""bozb_rtr/gi1/1""","""soza_rtr/gi1/1""",1.0
"""bozb_rtr/gi1/1""","""sozb_rtr/gi1/2""",1.0
"""bozb_rtr/gi1/1""","""cozb_rtr/gi1/1""",1.0
"""bozb_rtr/gi1/1""","""gozb_rtr/gi1/1""",1.0
"""bozb_rtr/gi1/1""","""pozb_rtr/gi1/1""",1.0
"""bozb_rtr/gi1/1""","""poza_rtr/gi4/48""",1.0
"""bozb_rtr/gi1/1""","""goza_rtr/gi4/48""",1.0
"""bozb_rtr/gi1/1""","""coza_rtr/gi1/2""",1.0
"""bozb_rtr/gi1/1""","""boza_rtr/gi4/48""",1.0
"""coza_rtr/te3/1""","""sozb_rtr/te2/1""",1.0
"""soza_rtr/te3/3""","""soza_rtr/te2/2""",0.9776951672862454
"""soza_rtr/te2/2""","""soza_rtr/te3/3""",0.9776951672862454
"""yoza_rtr/gi2/4""","""yoza_rtr/gi2/13""",0.9714964370546318
"""yoza_rtr/gi2/4""","""yoza_rtr/gi3/4""",0.9714964370546318
"""yoza_rtr/gi2/4""","""yoza_rtr/gi3/3""",0.9714964370546318
"""yoza_rtr/gi2/4""","""yoza_rtr/gi2/16""",0.9714964370546318
"""yoza_rtr/gi2/4""","""yoza_rtr/gi2/3""",0.9714964370546318
"""yoza_rtr/te7/2""","""yoza_rtr/gi2/13""",0.9714964370546318
"""yoza_rtr/te7/2""","""yoza_rtr/gi3/4""",0.9714964370546318
"""yoza_rtr/te7/2""","""yoza_rtr/gi3/3""",0.9714964370546318
"""yoza_rtr/te7/2""","""yoza_rtr/gi2/16""",0.9714964370546318
"""yoza_rtr/te7/2""","""yoza_rtr/gi2/3""",0.9714964370546318
"""yoza_rtr/gi2/3""","""yoza_rtr/te7/2""",0.9714964370546318
"""yoza_rtr/gi2/3""","""yoza_rtr/gi2/4""",0.9714964370546318
"""yoza_rtr/gi2/13""","""yoza_rtr/te7/2""",0.9714964370546318
"""yoza_rtr/gi2/13""","""yoza_rtr/gi2/4""",0.9714964370546318
"""yoza_rtr/gi2/16""","""yoza_rtr/te7/2""",0.9714964370546318
"""yoza_rtr/gi2/16""","""yoza_rtr/gi2/4""",0.9714964370546318
"""yoza_rtr/gi3/3""","""yoza_rtr/te7/2""",0.9714964370546318
"""yoza_rtr/gi3/3""","""yoza_rtr/gi2/4""",0.9714964370546318
"""yoza_rtr/gi3/4""","""yoza_rtr/te7/2""",0.9714964370546318
"""yoza_rtr/gi3/4""","""yoza_rtr/gi2/4""",0.9714964370546318
"""sozb_rtr/te2/2""","""sozb_rtr/gi1/1""",0.9543147208121827
"""sozb_rtr/gi1/1""","""sozb_rtr/te2/2""",0.9543147208121827
"""yoza_rtr/gi2/4""","""yoza_rtr/te7/2""",0.9445727482678984
"""yoza_rtr/te7/2""","""yoza_rtr/gi2/4""",0.9445727482678984
"""cozb_rtr/gi1/2""","""cozb_rtr/te3/4""",0.9420289855072463
"""cozb_rtr/te3/4""","""cozb_rtr/gi1/2""",0.9420289855072463
"""cozb_rtr/gi1/2""","""cozb_rtr/te3/3""",0.9348837209302325
"""cozb_rtr/te3/3""","""cozb_rtr/gi1/2""",0.9348837209302325
"""soza_rtr/gi1/2""","""soza_rtr/te2/2""",0.9345454545454546
"""soza_rtr/te2/2""","""soza_rtr/gi1/2""",0.9345454545454546
"""cozb_rtr/te3/3""","""cozb_rtr/te3/4""",0.9330143540669856
"""cozb_rtr/te3/4""","""cozb_rtr/te3/3""",0.9330143540669856
"""poza_rtr/te3/1""","""bbrb_rtr/te7/2""",0.9230769230769231
"""gozb_rtr/te2/1""","""bbrb_rtr/te7/2""",0.9230769230769231
"""bbrb_rtr/te7/2""","""poza_rtr/te3/1""",0.9230769230769231
"""bbrb_rtr/te7/2""","""gozb_rtr/te2/1""",0.9230769230769231
"""soza_rtr/gi1/2""","""soza_rtr/te3/3""",0.9145907473309609
"""soza_rtr/te3/3""","""soza_rtr/gi1/2""",0.9145907473309609
"""coza_rtr/gi1/1""","""coza_rtr/te3/3""",0.9076923076923077
"""coza_rtr/te3/3""","""coza_rtr/gi1/1""",0.9076923076923077
"""coza_rtr/te3/3""","""coza_rtr/te3/4""",0.9016393442622951
"""coza_rtr/te3/4""","""coza_rtr/te3/3""",0.9016393442622951
"""boza_rtr/te3/3""","""boza_rtr/gi4/46""",0.8888888888888888
"""boza_rtr/gi4/46""","""boza_rtr/te3/3""",0.8888888888888888
"""coza_rtr/te3/4""","""coza_rtr/gi1/1""",0.873015873015873
"""coza_rtr/gi1/1""","""coza_rtr/te3/4""",0.873015873015873
"""sozb_rtr/te2/2""","""sozb_rtr/te3/4""",0.856020942408377
"""sozb_rtr/te3/4""","""sozb_rtr/te2/2""",0.856020942408377
"""soza_rtr/te2/2""","""soza_rtr/te3/4""",0.8555133079847909
"""soza_rtr/te3/4""","""soza_rtr/te2/2""",0.8555133079847909
"""sozb_rtr/gi1/1""","""sozb_rtr/te3/4""",0.8427835051546392
"""sozb_rtr/te3/4""","""sozb_rtr/gi1/1""",0.8427835051546392
"""soza_rtr/gi1/2""","""soza_rtr/te3/4""",0.8364312267657993
"""soza_rtr/te3/3""","""soza_rtr/te3/4""",0.8364312267657993
"""soza_rtr/te3/4""","""soza_rtr/te3/3""",0.8364312267657993
"""soza_rtr/te3/4""","""soza_rtr/gi1/2""",0.8364312267657993
"""boza_rtr/te3/1""","""bbrb_rtr/te1/3""",0.8275862068965517
"""boza_rtr/te3/1""","""rozb_rtr/te2/1""",0.8275862068965517
"""rozb_rtr/te2/1""","""boza_rtr/te3/1""",0.8275862068965517
"""bbrb_rtr/te1/3""","""boza_rtr/te3/1""",0.8275862068965517
"""sozb_rtr/te3/3""","""sozb_rtr/te2/2""",0.784394250513347
"""sozb_rtr/te2/2""","""sozb_rtr/te3/3""",0.784394250513347
"""bbrb_rtr/self""","""bbra_rtr/self""",0.7714285714285715
"""bbra_rtr/self""","""bbrb_rtr/self""",0.7714285714285715
"""sozb_rtr/gi1/1""","""sozb_rtr/te3/3""",0.7535070140280561
"""sozb_rtr/te3/3""","""sozb_rtr/gi1/1""",0.7535070140280561
"""bbrb_rtr/te6/1""","""poza_rtr/te3/1""",0.75
"""bbrb_rtr/te6/1""","""gozb_rtr/te2/1""",0.75
"""bbra_rtr/gi4/11""","""bbrb_rtr/gi4/6""",0.75
"""poza_rtr/te3/1""","""bbrb_rtr/te6/1""",0.75
"""bbrb_rtr/gi4/6""","""bbra_rtr/gi4/11""",0.75
"""gozb_rtr/te2/1""","""bbrb_rtr/te6/1""",0.75
"""sozb_rtr/te2/1""","""bbrb_rtr/te6/1""",0.7222222222222222
"""bbrb_rtr/te6/1""","""coza_rtr/te3/1""",0.7222222222222222
"""bbrb_rtr/te6/1""","""sozb_rtr/te2/1""",0.7222222222222222
"""coza_rtr/te3/1""","""bbrb_rtr/te6/1""",0.7222222222222222
"""bbrb_rtr/te6/1""","""bbrb_rtr/te7/2""",0.6923076923076923
"""bbrb_rtr/te7/2""","""bbrb_rtr/te6/1""",0.6923076923076923
"""sozb_rtr/te3/3""","""sozb_rtr/te3/4""",0.6714579055441479
"""sozb_rtr/te3/4""","""sozb_rtr/te3/3""",0.6714579055441479
"""boza_rtr/gi4/47""","""bozb_rtr/gi1/2""",0.6666666666666666
"""boza_rtr/gi4/47""","""poza_rtr/gi1/2""",0.6666666666666666
"""boza_rtr/gi4/47""","""goza_rtr/gi1/2""",0.6666666666666666
"""boza_rtr/gi4/47""","""pozb_rtr/gi1/2""",0.6666666666666666
"""boza_rtr/gi4/47""","""roza_rtr/gi1/2""",0.6666666666666666
"""yoza_rtr/te1/2""","""yozb_rtr/te1/3""",0.6666666666666666
"""yoza_rtr/te1/2""","""yoza_rtr/te1/1""",0.6666666666666666
"""yoza_rtr/te7/1""","""bbrb_rtr/te6/3""",0.6666666666666666
"""yoza_rtr/te7/1""","""bbrb_rtr/te1/1""",0.6666666666666666
"""yoza_rtr/te7/1""","""bozb_rtr/te2/1""",0.6666666666666666
"""yoza_rtr/te7/1""","""bbrb_rtr/te6/1""",0.6666666666666666
"""yoza_rtr/te7/1""","""bbrb_rtr/te7/3""",0.6666666666666666
"""yoza_rtr/te7/1""","""bbrb_rtr/te6/4""",0.6666666666666666
"""yoza_rtr/te7/1""","""bbrb_rtr/gi4/8""",0.6666666666666666
"""yoza_rtr/te7/1""","""roza_rtr/te3/1""",0.6666666666666666
"""bozb_rtr/te2/1""","""yoza_rtr/te7/1""",0.6666666666666666
"""bozb_rtr/te2/1""","""bbrb_rtr/gi4/3""",0.6666666666666666
"""bozb_rtr/te2/1""","""bbrb_rtr/te7/4""",0.6666666666666666
"""bozb_rtr/gi1/2""","""boza_rtr/gi4/47""",0.6666666666666666
"""roza_rtr/te3/1""","""yoza_rtr/te7/1""",0.6666666666666666
"""roza_rtr/te3/1""","""bbrb_rtr/gi4/3""",0.6666666666666666
"""roza_rtr/te3/1""","""bbrb_rtr/te7/4""",0.6666666666666666
"""roza_rtr/gi1/2""","""boza_rtr/gi4/47""",0.6666666666666666
"""bbrb_rtr/te7/4""","""bbrb_rtr/te6/1""",0.6666666666666666
"""bbrb_rtr/te7/4""","""bbrb_rtr/gi4/8""",0.6666666666666666
"""bbrb_rtr/te7/4""","""bozb_rtr/te2/1""",0.6666666666666666
"""bbrb_rtr/te7/4""","""bbrb_rtr/te6/3""",0.6666666666666666
"""bbrb_rtr/te7/4""","""bbrb_rtr/te1/1""",0.6666666666666666
"""bbrb_rtr/te7/4""","""bbrb_rtr/te7/3""",0.6666666666666666
"""bbrb_rtr/te7/4""","""bbrb_rtr/te6/4""",0.6666666666666666
"""bbrb_rtr/te7/4""","""roza_rtr/te3/1""",0.6666666666666666
"""bbrb_rtr/te6/1""","""yoza_rtr/te7/1""",0.6666666666666666
"""bbrb_rtr/te6/1""","""bbrb_rtr/gi4/3""",0.6666666666666666
"""bbrb_rtr/te6/1""","""bbrb_rtr/te7/4""",0.6666666666666666
"""goza_rtr/te3/1""","""yoza_rtr/te7/1""",0.6666666666666666
"""goza_rtr/te3/1""","""bbrb_rtr/gi4/3""",0.6666666666666666
"""goza_rtr/te3/1""","""bbrb_rtr/te7/4""",0.6666666666666666
"""goza_rtr/gi1/2""","""boza_rtr/gi4/47""",0.6666666666666666
"""bbrb_rtr/te1/1""","""bbrb_rtr/gi4/3""",0.6666666666666666
"""bbrb_rtr/te1/1""","""yoza_rtr/te7/1""",0.6666666666666666
"""bbrb_rtr/te1/1""","""bbrb_rtr/te7/4""",0.6666666666666666
"""bbrb_rtr/te6/3""","""yoza_rtr/te7/1""",0.6666666666666666
"""bbrb_rtr/te6/3""","""bbrb_rtr/gi4/3""",0.6666666666666666
"""bbrb_rtr/te6/3""","""bbrb_rtr/te7/4""",0.6666666666666666
"""bbrb_rtr/gi4/8""","""bbrb_rtr/gi4/3""",0.6666666666666666
"""bbrb_rtr/gi4/8""","""yoza_rtr/te7/1""",0.6666666666666666
"""bbrb_rtr/gi4/8""","""bbrb_rtr/te7/4""",0.6666666666666666
"""bbrb_rtr/te6/4""","""bbrb_rtr/gi4/3""",0.6666666666666666
"""bbrb_rtr/te6/4""","""yoza_rtr/te7/1""",0.6666666666666666
"""bbrb_rtr/te6/4""","""bbrb_rtr/te7/4""",0.6666666666666666
"""bbrb_rtr/te7/3""","""bbrb_rtr/gi4/3""",0.6666666666666666
"""bbrb_rtr/te7/3""","""yoza_rtr/te7/1""",0.6666666666666666
"""bbrb_rtr/te7/3""","""bbrb_rtr/te7/4""",0.6666666666666666
"""bbrb_rtr/gi4/3""","""bbrb_rtr/te6/3""",0.6666666666666666
"""bbrb_rtr/gi4/3""","""bbrb_rtr/te1/1""",0.6666666666666666
"""bbrb_rtr/gi4/3""","""bozb_rtr/te2/1""",0.6666666666666666
"""bbrb_rtr/gi4/3""","""bbrb_rtr/te6/1""",0.6666666666666666
"""bbrb_rtr/gi4/3""","""bbrb_rtr/te7/3""",0.6666666666666666
"""bbrb_rtr/gi4/3""","""bbrb_rtr/te6/4""",0.6666666666666666
"""bbrb_rtr/gi4/3""","""bbrb_rtr/gi4/8""",0.6666666666666666
"""bbrb_rtr/gi4/3""","""roza_rtr/te3/1""",0.6666666666666666
"""poza_rtr/gi1/2""","""boza_rtr/gi4/47""",0.6666666666666666
"""pozb_rtr/te2/1""","""yoza_rtr/te7/1""",0.6666666666666666
"""pozb_rtr/te2/1""","""bbrb_rtr/gi4/3""",0.6666666666666666
"""pozb_rtr/te2/1""","""bbrb_rtr/te7/4""",0.6666666666666666
"""pozb_rtr/gi1/2""","""boza_rtr/gi4/47""",0.6666666666666666
"""yozb_rtr/te1/2""","""yozb_rtr/te1/3""",0.6666666666666666
"""yozb_rtr/te1/2""","""yoza_rtr/te1/1""",0.6666666666666666
"""yozb_rtr/te1/1""","""yoza_rtr/te7/1""",0.6666666666666666
"""yozb_rtr/te1/1""","""bbrb_rtr/gi4/3""",0.6666666666666666
"""yozb_rtr/te1/1""","""bbrb_rtr/te7/4""",0.6666666666666666
"""yozb_rtr/te1/3""","""yozb_rtr/te1/2""",0.6666666666666666
"""yozb_rtr/te1/3""","""yoza_rtr/te1/2""",0.6666666666666666
"""yoza_rtr/te1/1""","""yozb_rtr/te1/2""",0.6666666666666666
"""yoza_rtr/te1/1""","""yoza_rtr/te1/2""",0.6666666666666666
"""poza_rtr/te3/3""","""poza_rtr/gi4/46""",0.6417910447761194
"""poza_rtr/gi4/46""","""poza_rtr/te3/3""",0.6417910447761194
"""roza_rtr/te3/3""","""roza_rtr/gi4/46""",0.6363636363636364
"""roza_rtr/gi4/46""","""roza_rtr/te3/3""",0.6363636363636364
"""sozb_rtr/te2/1""","""cozb_rtr/te2/1""",0.6190476190476191
"""sozb_rtr/te2/1""","""soza_rtr/te3/1""",0.6190476190476191
"""soza_rtr/te3/1""","""coza_rtr/te3/1""",0.6190476190476191
"""soza_rtr/te3/1""","""sozb_rtr/te2/1""",0.6190476190476191
"""coza_rtr/te3/1""","""cozb_rtr/te2/1""",0.6190476190476191
"""coza_rtr/te3/1""","""soza_rtr/te3/1""",0.6190476190476191
"""cozb_rtr/te2/1""","""coza_rtr/te3/1""",0.6190476190476191
"""cozb_rtr/te2/1""","""sozb_rtr/te2/1""",0.6190476190476191
"""bbrb_rtr/te1/4""","""bbrb_rtr/te7/3""",0.6
"""bbrb_rtr/te7/3""","""bbrb_rtr/te1/4""",0.6
"""yoza_rtr/gi2/3""","""yoza_rtr/fa4/42""",0.589242053789731
"""yoza_rtr/gi2/13""","""yoza_rtr/fa4/42""",0.589242053789731
"""yoza_rtr/gi2/16""","""yoza_rtr/fa4/42""",0.589242053789731
"""yoza_rtr/gi3/3""","""yoza_rtr/fa4/42""",0.589242053789731
"""yoza_rtr/gi3/4""","""yoza_rtr/fa4/42""",0.589242053789731
"""yoza_rtr/fa4/42""","""yoza_rtr/gi2/13""",0.589242053789731
"""yoza_rtr/fa4/42""","""yoza_rtr/gi3/4""",0.589242053789731
"""yoza_rtr/fa4/42""","""yoza_rtr/gi3/3""",0.589242053789731
"""yoza_rtr/fa4/42""","""yoza_rtr/gi2/16""",0.589242053789731
"""yoza_rtr/fa4/42""","""yoza_rtr/gi2/3""",0.589242053789731
"""yoza_rtr/fa4/42""","""yoza_rtr/te7/2""",0.5724465558194775
"""yoza_rtr/fa4/42""","""yoza_rtr/gi2/4""",0.5724465558194775
"""yoza_rtr/gi2/4""","""yoza_rtr/fa4/42""",0.5724465558194775
"""yoza_rtr/te7/2""","""yoza_rtr/fa4/42""",0.5724465558194775
"""bbra_rtr/te1/4""","""boza_rtr/te2/1""",0.5454545454545454
"""boza_rtr/te2/1""","""bbra_rtr/te1/4""",0.5454545454545454
"""sozb_rtr/te2/1""","""poza_rtr/te3/1""",0.5416666666666666
"""sozb_rtr/te2/1""","""gozb_rtr/te2/1""",0.5416666666666666
"""poza_rtr/te3/1""","""coza_rtr/te3/1""",0.5416666666666666
"""poza_rtr/te3/1""","""sozb_rtr/te2/1""",0.5416666666666666
"""poza_rtr/te3/1""","""bbra_rtr/te6/1""",0.5416666666666666
"""gozb_rtr/te2/1""","""coza_rtr/te3/1""",0.5416666666666666
"""gozb_rtr/te2/1""","""sozb_rtr/te2/1""",0.5416666666666666
"""gozb_rtr/te2/1""","""bbra_rtr/te6/1""",0.5416666666666666
"""bbra_rtr/te6/1""","""poza_rtr/te3/1""",0.5416666666666666
"""bbra_rtr/te6/1""","""gozb_rtr/te2/1""",0.5416666666666666
"""coza_rtr/te3/1""","""poza_rtr/te3/1""",0.5416666666666666
"""coza_rtr/te3/1""","""gozb_rtr/te2/1""",0.5416666666666666
"""yoza_rtr/te7/4""","""yozb_rtr/te2/4""",0.5263157894736842
"""yozb_rtr/te2/4""","""yoza_rtr/te7/4""",0.5263157894736842
"""sozb_rtr/te3/3""","""soza_rtr/te2/2""",0.5182186234817814
"""soza_rtr/te2/2""","""sozb_rtr/te3/3""",0.5182186234817814
"""soza_rtr/te3/1""","""bbrb_rtr/te7/2""",0.5161290322580645
"""bbrb_rtr/te7/2""","""cozb_rtr/te2/1""",0.5161290322580645
"""bbrb_rtr/te7/2""","""soza_rtr/te3/1""",0.5161290322580645
"""cozb_rtr/te2/1""","""bbrb_rtr/te7/2""",0.5161290322580645
"""soza_rtr/te3/3""","""sozb_rtr/te3/3""",0.512
"""sozb_rtr/te3/3""","""soza_rtr/te3/3""",0.512
"""sozb_rtr/te2/1""","""bbrb_rtr/te7/2""",0.5
"""boza_rtr/gi4/3""","""bozb_rtr/gi4/3""",0.5
"""soza_rtr/te3/1""","""bbrb_rtr/te6/1""",0.5
"""gozb_rtr/gi4/4""","""goza_rtr/gi4/5""",0.5
"""gozb_rtr/gi4/4""","""goza_rtr/gi4/4""",0.5
"""gozb_rtr/gi4/5""","""goza_rtr/gi4/5""",0.5
"""gozb_rtr/gi4/5""","""goza_rtr/gi4/4""",0.5
"""gozb_rtr/gi4/19""","""goza_rtr/gi4/20""",0.5
"""gozb_rtr/gi4/19""","""goza_rtr/gi4/19""",0.5
"""gozb_rtr/gi4/20""","""goza_rtr/gi4/20""",0.5
"""gozb_rtr/gi4/20""","""goza_rtr/gi4/19""",0.5
"""poza_rtr/te3/1""","""yoza_rtr/te7/1""",0.5
"""poza_rtr/te3/1""","""bbrb_rtr/gi4/3""",0.5
"""poza_rtr/te3/1""","""bbrb_rtr/te7/4""",0.5
"""poza_rtr/gi1/2""","""yozb_rtr/gi5/2""",0.5
"""poza_rtr/gi1/2""","""yoza_rtr/fa4/46""",0.5
"""poza_rtr/gi1/2""","""gozb_rtr/gi1/2""",0.5
"""pozb_rtr/te2/1""","""bbrb_rtr/te6/3""",0.5
"""pozb_rtr/te2/1""","""bbrb_rtr/te6/1""",0.5
"""pozb_rtr/te2/1""","""bbrb_rtr/te7/3""",0.5
"""pozb_rtr/te2/1""","""bbrb_rtr/te6/4""",0.5
"""pozb_rtr/te2/1""","""bbrb_rtr/gi4/8""",0.5
"""pozb_rtr/gi1/2""","""yozb_rtr/gi5/2""",0.5
"""pozb_rtr/gi1/2""","""yoza_rtr/fa4/46""",0.5
"""pozb_rtr/gi1/2""","""gozb_rtr/gi1/2""",0.5
"""bbrb_rtr/te1/1""","""bbrb_rtr/gi4/8""",0.5
"""bbrb_rtr/te1/1""","""bozb_rtr/te2/1""",0.5
"""bbrb_rtr/te1/1""","""bbrb_rtr/te6/3""",0.5
"""bbrb_rtr/te1/1""","""bbrb_rtr/te6/1""",0.5
"""bbrb_rtr/te1/1""","""bbrb_rtr/te7/3""",0.5
"""bbrb_rtr/te6/3""","""bbrb_rtr/gi4/8""",0.5
"""bbrb_rtr/te6/3""","""bbrb_rtr/te1/1""",0.5
"""bbrb_rtr/te6/3""","""bbrb_rtr/te7/3""",0.5
"""bbrb_rtr/te6/3""","""bbrb_rtr/te6/4""",0.5
"""bbrb_rtr/te1/2""","""bbrb_rtr/gi4/3""",0.5
"""bbrb_rtr/te1/2""","""yoza_rtr/te7/1""",0.5
"""bbrb_rtr/te1/2""","""bbrb_rtr/te7/4""",0.5
"""bbrb_rtr/gi4/8""","""bbrb_rtr/te6/3""",0.5
"""bbrb_rtr/gi4/8""","""bozb_rtr/te2/1""",0.5
"""bbrb_rtr/gi4/8""","""bbrb_rtr/te1/1""",0.5
"""bbrb_rtr/gi4/8""","""bbrb_rtr/te6/1""",0.5
"""bbrb_rtr/gi4/8""","""bbrb_rtr/te7/3""",0.5
"""bbrb_rtr/gi4/8""","""bbrb_rtr/te6/4""",0.5
"""bbrb_rtr/gi4/8""","""roza_rtr/te3/1""",0.5
"""bbrb_rtr/te6/4""","""bbrb_rtr/te6/3""",0.5
"""bbrb_rtr/te6/4""","""bozb_rtr/te2/1""",0.5
"""bbrb_rtr/te6/4""","""bbrb_rtr/te1/1""",0.5
"""bbrb_rtr/te6/4""","""bbrb_rtr/te6/1""",0.5
"""bbrb_rtr/te6/4""","""bbrb_rtr/te7/3""",0.5
"""bbrb_rtr/te6/4""","""bbrb_rtr/gi4/8""",0.5
"""bbrb_rtr/te6/4""","""roza_rtr/te3/1""",0.5
"""bbrb_rtr/te7/3""","""bbrb_rtr/te6/3""",0.5
"""bbrb_rtr/te7/3""","""bbrb_rtr/te1/1""",0.5
"""bbrb_rtr/te7/3""","""bbrb_rtr/te6/4""",0.5
"""bbrb_rtr/te7/3""","""bbrb_rtr/gi4/8""",0.5
"""bbrb_rtr/te7/3""","""bbrb_rtr/te6/1""",0.5
"""bbrb_rtr/te7/3""","""roza_rtr/te3/1""",0.5
"""boza_rtr/te3/1""","""yoza_rtr/te7/1""",0.5
"""boza_rtr/te3/1""","""bbrb_rtr/gi4/3""",0.5
"""boza_rtr/te3/1""","""bbrb_rtr/te7/4""",0.5
"""bbra_rtr/gi4/8""","""yoza_rtr/te1/3""",0.5
"""bbra_rtr/te7/4""","""yoza_rtr/te1/3""",0.5
"""roza_rtr/te3/1""","""bbrb_rtr/gi4/8""",0.5
"""roza_rtr/te3/1""","""bbrb_rtr/te1/1""",0.5
"""roza_rtr/te3/1""","""bbrb_rtr/te7/3""",0.5
"""roza_rtr/te3/1""","""bbrb_rtr/te6/4""",0.5
"""roza_rtr/gi1/2""","""yozb_rtr/gi5/2""",0.5
"""roza_rtr/gi1/2""","""yoza_rtr/fa4/46""",0.5
"""roza_rtr/gi1/2""","""gozb_rtr/gi1/2""",0.5
"""roza_rtr/te2/1""","""yoza_rtr/te1/3""",0.5
"""roza_rtr/te2/1""","""bbra_rtr/te1/3""",0.5
"""cozb_rtr/te2/1""","""bbrb_rtr/te6/1""",0.5
"""goza_rtr/te3/1""","""bbrb_rtr/te6/3""",0.5
"""goza_rtr/te3/1""","""bbrb_rtr/te6/1""",0.5
"""goza_rtr/te3/1""","""bbrb_rtr/te7/3""",0.5
"""goza_rtr/te3/1""","""bbrb_rtr/te6/4""",0.5
"""goza_rtr/te3/1""","""bbrb_rtr/gi4/8""",0.5
"""goza_rtr/gi1/2""","""yozb_rtr/gi5/2""",0.5
"""goza_rtr/gi1/2""","""yoza_rtr/fa4/46""",0.5
"""goza_rtr/gi1/2""","""gozb_rtr/gi1/2""",0.5
"""goza_rtr/te2/1""","""yoza_rtr/te1/3""",0.5
"""goza_rtr/te2/1""","""bbra_rtr/te7/3""",0.5
"""bozb_rtr/te2/1""","""bbrb_rtr/te1/1""",0.5
"""bozb_rtr/te2/1""","""bbrb_rtr/te7/3""",0.5
"""bozb_rtr/te2/1""","""bbrb_rtr/te6/4""",0.5
"""bozb_rtr/te2/1""","""bbrb_rtr/gi4/8""",0.5
"""bozb_rtr/te3/1""","""yoza_rtr/te1/3""",0.5
"""bozb_rtr/te3/1""","""bbra_rtr/te1/3""",0.5
"""bozb_rtr/gi1/2""","""yozb_rtr/gi5/2""",0.5
"""bozb_rtr/gi1/2""","""yoza_rtr/fa4/46""",0.5
"""bozb_rtr/gi1/2""","""gozb_rtr/gi1/2""",0.5
"""bozb_rtr/gi4/3""","""boza_rtr/gi4/3""",0.5
"""coza_rtr/te3/1""","""bbrb_rtr/te7/2""",0.5
"""yozb_rtr/te1/1""","""bbrb_rtr/te1/1""",0.5
"""yozb_rtr/te1/1""","""bbrb_rtr/te7/3""",0.5
"""yozb_rtr/te1/1""","""bbrb_rtr/te6/4""",0.5
"""yozb_rtr/te1/1""","""bbrb_rtr/gi4/8""",0.5
"""yozb_rtr/te1/4""","""bbrb_rtr/gi4/3""",0.5
"""yozb_rtr/te1/4""","""yoza_rtr/te7/1""",0.5
"""yozb_rtr/te1/4""","""bbrb_rtr/te7/4""",0.5
"""yozb_rtr/gi5/2""","""goza_rtr/gi1/2""",0.5
"""yozb_rtr/gi5/2""","""pozb_rtr/gi1/2""",0.5
"""yozb_rtr/gi5/2""","""poza_rtr/gi1/2""",0.5
"""yozb_rtr/gi5/2""","""bozb_rtr/gi1/2""",0.5
"""yozb_rtr/gi5/2""","""roza_rtr/gi1/2""",0.5
"""yozb_rtr/te2/1""","""yoza_rtr/te1/3""",0.5
"""yozb_rtr/te2/1""","""bbra_rtr/te1/3""",0.5
"""bbrb_rtr/te6/1""","""bbrb_rtr/te6/3""",0.5
"""bbrb_rtr/te6/1""","""soza_rtr/te3/1""",0.5
"""bbrb_rtr/te7/2""","""coza_rtr/te3/1""",0.5
"""bbrb_rtr/te7/2""","""sozb_rtr/te2/1""",0.5
"""bbrb_rtr/te7/2""","""bbra_rtr/te6/1""",0.5
"""pozb_rtr/te3/1""","""yoza_rtr/te1/3""",0.5
"""pozb_rtr/te3/1""","""bbra_rtr/te7/3""",0.5
"""yoza_rtr/fa4/46""","""goza_rtr/gi1/2""",0.5
"""yoza_rtr/fa4/46""","""pozb_rtr/gi1/2""",0.5
"""yoza_rtr/fa4/46""","""poza_rtr/gi1/2""",0.5
"""yoza_rtr/fa4/46""","""bozb_rtr/gi1/2""",0.5
"""yoza_rtr/fa4/46""","""roza_rtr/gi1/2""",0.5
"""yoza_rtr/te1/3""","""bbra_rtr/gi4/8""",0.5
"""yoza_rtr/te1/3""","""bozb_rtr/te3/1""",0.5
"""yoza_rtr/te1/3""","""roza_rtr/te2/1""",0.5
"""yoza_rtr/te1/3""","""bbra_rtr/te7/4""",0.5
"""yoza_rtr/te1/3""","""yozb_rtr/te2/1""",0.5
"""yoza_rtr/te1/3""","""pozb_rtr/te3/1""",0.5
"""yoza_rtr/te1/3""","""goza_rtr/te2/1""",0.5
"""yoza_rtr/te1/3""","""bbra_rtr/te6/4""",0.5
"""goza_rtr/te3/4""","""gozb_rtr/te3/4""",0.5
"""goza_rtr/gi4/7""","""gozb_rtr/gi4/7""",0.5
"""goza_rtr/gi4/4""","""gozb_rtr/gi4/5""",0.5
"""goza_rtr/gi4/4""","""gozb_rtr/gi4/4""",0.5
"""goza_rtr/gi4/5""","""gozb_rtr/gi4/5""",0.5
"""goza_rtr/gi4/5""","""gozb_rtr/gi4/4""",0.5
"""goza_rtr/gi4/19""","""gozb_rtr/gi4/20""",0.5
"""goza_rtr/gi4/19""","""gozb_rtr/gi4/19""",0.5
"""goza_rtr/gi4/20""","""gozb_rtr/gi4/20""",0.5
"""goza_rtr/gi4/20""","""gozb_rtr/gi4/19""",0.5
"""gozb_rtr/te2/1""","""yoza_rtr/te7/1""",0.5
"""gozb_rtr/te2/1""","""bbrb_rtr/gi4/3""",0.5
"""gozb_rtr/te2/1""","""bbrb_rtr/te7/4""",0.5
"""gozb_rtr/te3/4""","""goza_rtr/te3/4""",0.5
"""gozb_rtr/gi1/2""","""goza_rtr/gi1/2""",0.5
"""gozb_rtr/gi1/2""","""poza_rtr/gi1/2""",0.5
"""gozb_rtr/gi1/2""","""bozb_rtr/gi1/2""",0.5
"""gozb_rtr/gi1/2""","""pozb_rtr/gi1/2""",0.5
"""gozb_rtr/gi1/2""","""roza_rtr/gi1/2""",0.5
"""gozb_rtr/gi4/7""","""goza_rtr/gi4/7""",0.5
"""bbra_rtr/te6/1""","""bbrb_rtr/te7/2""",0.5
"""bbra_rtr/te6/4""","""yoza_rtr/te1/3""",0.5
"""bbra_rtr/te7/3""","""pozb_rtr/te3/1""",0.5
"""bbra_rtr/te7/3""","""goza_rtr/te2/1""",0.5
"""bbra_rtr/te1/3""","""bozb_rtr/te3/1""",0.5
"""bbra_rtr/te1/3""","""yozb_rtr/te2/1""",0.5
"""bbra_rtr/te1/3""","""roza_rtr/te2/1""",0.5
"""yoza_rtr/gi2/8""","""yoza_rtr/gi2/9""",0.5
"""yoza_rtr/gi2/9""","""yoza_rtr/gi2/10""",0.5
"""yoza_rtr/gi2/9""","""yoza_rtr/fa4/45""",0.5
"""yoza_rtr/gi2/9""","""yoza_rtr/gi2/8""",0.5
"""yoza_rtr/gi2/10""","""yoza_rtr/gi2/9""",0.5
"""yoza_rtr/fa4/45""","""yoza_rtr/gi2/9""",0.5
"""coza_rtr/self""","""cozb_rtr/te3/4""",0.4945054945054945
"""cozb_rtr/te3/4""","""coza_rtr/self""",0.4945054945054945
"""sozb_rtr/te3/3""","""soza_rtr/gi1/2""",0.49407114624505927
"""soza_rtr/gi1/2""","""sozb_rtr/te3/3""",0.49407114624505927
"""cozb_rtr/gi1/2""","""coza_rtr/self""",0.4883720930232558
"""coza_rtr/self""","""cozb_rtr/gi1/2""",0.4883720930232558
"""coza_rtr/self""","""cozb_rtr/te3/3""",0.48427672955974843
"""cozb_rtr/te3/3""","""coza_rtr/self""",0.48427672955974843
"""bozb_rtr/te3/3""","""boza_rtr/te3/3""",0.4722222222222222
"""boza_rtr/te3/3""","""bozb_rtr/te3/3""",0.4722222222222222
"""soza_rtr/te3/4""","""sozb_rtr/te3/3""",0.4620123203285421
"""sozb_rtr/te3/3""","""soza_rtr/te3/4""",0.4620123203285421
"""bbrb_rtr/te7/2""","""yoza_rtr/te7/1""",0.46153846153846156
"""bbrb_rtr/te7/2""","""bbrb_rtr/gi4/3""",0.46153846153846156
"""goza_rtr/te3/3""","""gozb_rtr/te3/3""",0.46153846153846156
"""gozb_rtr/te3/3""","""goza_rtr/te3/3""",0.46153846153846156
"""soza_rtr/self""","""sozb_rtr/te2/2""",0.4604966139954853
"""sozb_rtr/te2/2""","""soza_rtr/self""",0.4604966139954853
"""sozb_rtr/gi1/1""","""soza_rtr/self""",0.45434298440979953
"""soza_rtr/self""","""sozb_rtr/gi1/1""",0.45434298440979953
"""poza_rtr/te3/1""","""cozb_rtr/te2/1""",0.45161290322580644
"""cozb_rtr/te2/1""","""poza_rtr/te3/1""",0.45161290322580644
"""cozb_rtr/te2/1""","""gozb_rtr/te2/1""",0.45161290322580644
"""soza_rtr/te3/1""","""poza_rtr/te3/1""",0.45161290322580644
"""soza_rtr/te3/1""","""gozb_rtr/te2/1""",0.45161290322580644
"""gozb_rtr/te2/1""","""cozb_rtr/te2/1""",0.45161290322580644
"""sozb_rtr/te3/4""","""soza_rtr/self""",0.4368932038834951
"""soza_rtr/self""","""sozb_rtr/te3/4""",0.4368932038834951
"""boza_rtr/self""","""bozb_rtr/te3/3""",0.4358974358974359
"""bozb_rtr/te3/3""","""boza_rtr/self""",0.4358974358974359
"""sozb_rtr/self""","""cozb_rtr/self""",0.43023255813953487
"""cozb_rtr/self""","""sozb_rtr/self""",0.43023255813953487
"""yoza_rtr/te1/2""","""yozb_rtr/te1/4""",0.42857142857142855
"""yozb_rtr/te1/2""","""yozb_rtr/te1/4""",0.42857142857142855
"""yozb_rtr/te1/4""","""yozb_rtr/te1/2""",0.42857142857142855
"""yozb_rtr/te1/4""","""yoza_rtr/te1/2""",0.42857142857142855
"""coza_rtr/te3/4""","""cozb_rtr/te3/4""",0.4230769230769231
"""cozb_rtr/te3/4""","""coza_rtr/te3/4""",0.4230769230769231
"""rozb_rtr/te3/3""","""roza_rtr/te3/3""",0.42105263157894735
"""roza_rtr/te3/3""","""rozb_rtr/te3/3""",0.42105263157894735
"""bbrb_rtr/te7/1""","""bbra_rtr/te6/1""",0.41935483870967744
"""bbra_rtr/te6/1""","""bbrb_rtr/te7/1""",0.41935483870967744
"""bbra_rtr/te6/1""","""bbra_rtr/te7/1""",0.41935483870967744
"""bbra_rtr/te7/1""","""bbra_rtr/te6/1""",0.41935483870967744
"""cozb_rtr/te3/3""","""coza_rtr/te3/3""",0.41745283018867924
"""coza_rtr/te3/3""","""cozb_rtr/te3/3""",0.41745283018867924
"""bozb_rtr/te3/3""","""boza_rtr/gi4/46""",0.4166666666666667
"""boza_rtr/gi4/46""","""bozb_rtr/te3/3""",0.4166666666666667
"""rozb_rtr/te2/1""","""yoza_rtr/te7/1""",0.41379310344827586
"""rozb_rtr/te2/1""","""bbrb_rtr/gi4/3""",0.41379310344827586
"""rozb_rtr/te2/1""","""bbrb_rtr/te7/4""",0.41379310344827586
"""bbrb_rtr/te1/3""","""yoza_rtr/te7/1""",0.41379310344827586
"""bbrb_rtr/te1/3""","""bbrb_rtr/gi4/3""",0.41379310344827586
"""bbrb_rtr/te1/3""","""bbrb_rtr/te7/4""",0.41379310344827586
"""poza_rtr/te3/3""","""pozb_rtr/te3/3""",0.41044776119402987
"""pozb_rtr/te3/3""","""poza_rtr/te3/3""",0.41044776119402987
"""coza_rtr/te3/3""","""cozb_rtr/te3/4""",0.40441176470588236
"""cozb_rtr/te3/4""","""coza_rtr/te3/3""",0.40441176470588236
"""cozb_rtr/gi1/2""","""coza_rtr/te3/3""",0.4014084507042254
"""coza_rtr/te3/3""","""cozb_rtr/gi1/2""",0.4014084507042254
"""coza_rtr/te2/4""","""cozb_rtr/te2/4""",0.4
"""rozb_rtr/te3/3""","""roza_rtr/self""",0.4
"""bbrb_rtr/te6/2""","""bbrb_rtr/gi4/3""",0.4
"""bbrb_rtr/te6/2""","""yoza_rtr/te7/1""",0.4
"""bbrb_rtr/te6/2""","""bbrb_rtr/te7/4""",0.4
"""yozb_rtr/te1/4""","""bbrb_rtr/te6/3""",0.4
"""yozb_rtr/te1/4""","""bbrb_rtr/te1/1""",0.4
"""yozb_rtr/te1/4""","""bbrb_rtr/te6/1""",0.4
"""yozb_rtr/te1/4""","""bbrb_rtr/te7/3""",0.4
"""yozb_rtr/te1/4""","""bbrb_rtr/te6/4""",0.4
"""roza_rtr/self""","""rozb_rtr/te3/3""",0.4
"""gozb_rtr/gi1/2""","""boza_rtr/gi4/47""",0.4
"""cozb_rtr/te2/4""","""coza_rtr/te2/4""",0.4
"""bbrb_rtr/te1/4""","""yoza_rtr/te7/1""",0.4
"""bbrb_rtr/te1/4""","""bbrb_rtr/gi4/3""",0.4
"""bbrb_rtr/te1/4""","""bbrb_rtr/te7/4""",0.4
"""bbrb_rtr/te1/2""","""bbrb_rtr/te6/3""",0.4
"""bbrb_rtr/te1/2""","""bbrb_rtr/te1/1""",0.4
"""bbrb_rtr/te1/2""","""bbrb_rtr/te6/1""",0.4
"""bbrb_rtr/te1/2""","""bbrb_rtr/te7/3""",0.4
"""bbrb_rtr/te1/2""","""bbrb_rtr/te6/4""",0.4
"""bbrb_rtr/te1/2""","""bbrb_rtr/gi4/8""",0.4
"""bbrb_rtr/te1/2""","""roza_rtr/te3/1""",0.4
"""boza_rtr/te3/1""","""bbrb_rtr/te6/1""",0.4
"""boza_rtr/te3/1""","""bbrb_rtr/te7/3""",0.4
"""boza_rtr/te3/1""","""bbrb_rtr/te6/4""",0.4
"""boza_rtr/te3/1""","""bbrb_rtr/gi4/8""",0.4
"""boza_rtr/te3/1""","""bbrb_rtr/te6/3""",0.4
"""boza_rtr/gi4/47""","""gozb_rtr/gi1/2""",0.4
"""coza_rtr/gi1/1""","""cozb_rtr/te3/4""",0.39855072463768115
"""coza_rtr/te3/4""","""cozb_rtr/gi1/2""",0.39855072463768115
"""cozb_rtr/gi1/2""","""coza_rtr/te3/4""",0.39855072463768115
"""cozb_rtr/te3/4""","""coza_rtr/gi1/1""",0.39855072463768115
"""cozb_rtr/gi1/2""","""coza_rtr/gi1/1""",0.3958333333333333
"""coza_rtr/gi1/1""","""cozb_rtr/gi1/2""",0.3958333333333333
"""sozb_rtr/te3/3""","""soza_rtr/self""",0.39517625231910947
"""soza_rtr/self""","""sozb_rtr/te3/3""",0.39517625231910947
"""coza_rtr/te3/4""","""cozb_rtr/te3/3""",0.39473684210526316
"""cozb_rtr/te3/3""","""coza_rtr/te3/4""",0.39473684210526316
"""pozb_rtr/te3/3""","""poza_rtr/self""",0.39285714285714285
"""poza_rtr/self""","""pozb_rtr/te3/3""",0.39285714285714285
"""cozb_rtr/te3/3""","""coza_rtr/gi1/1""",0.3922018348623853
"""coza_rtr/gi1/1""","""cozb_rtr/te3/3""",0.3922018348623853
"""coza_rtr/te3/1""","""yoza_rtr/te7/1""",0.3888888888888889
"""coza_rtr/te3/1""","""bbrb_rtr/gi4/3""",0.3888888888888889
"""coza_rtr/te3/1""","""bbrb_rtr/te7/4""",0.3888888888888889
"""sozb_rtr/te2/1""","""bbrb_rtr/gi4/3""",0.3888888888888889
"""sozb_rtr/te2/1""","""yoza_rtr/te7/1""",0.3888888888888889
"""sozb_rtr/te2/1""","""bbrb_rtr/te7/4""",0.3888888888888889
"""sozb_rtr/te2/2""","""soza_rtr/te2/2""",0.3811563169164882
"""soza_rtr/te2/2""","""sozb_rtr/te2/2""",0.3811563169164882
"""bbra_rtr/te1/4""","""bbrb_rtr/te1/3""",0.3793103448275862
"""bbra_rtr/te1/4""","""rozb_rtr/te2/1""",0.3793103448275862
"""rozb_rtr/te2/1""","""bbra_rtr/te1/4""",0.3793103448275862
"""bbrb_rtr/te1/3""","""bbra_rtr/te1/4""",0.3793103448275862
"""soza_rtr/te3/3""","""sozb_rtr/te2/2""",0.3763213530655391
"""sozb_rtr/te2/2""","""soza_rtr/te3/3""",0.3763213530655391
"""bbra_rtr/te6/1""","""coza_rtr/te3/1""",0.3684210526315789
"""bbra_rtr/te6/1""","""sozb_rtr/te2/1""",0.3684210526315789
"""sozb_rtr/te3/4""","""soza_rtr/te3/4""",0.362962962962963
"""soza_rtr/te3/4""","""sozb_rtr/te3/4""",0.362962962962963
"""soza_rtr/gi1/2""","""sozb_rtr/te2/2""",0.35908141962421714
"""soza_rtr/te2/2""","""sozb_rtr/gi1/1""",0.35908141962421714
"""sozb_rtr/gi1/1""","""soza_rtr/te2/2""",0.35908141962421714
"""sozb_rtr/te2/2""","""soza_rtr/gi1/2""",0.35908141962421714
"""soza_rtr/gi1/2""","""sozb_rtr/gi1/1""",0.354639175257732
"""soza_rtr/te3/3""","""sozb_rtr/gi1/1""",0.354639175257732
"""sozb_rtr/gi1/1""","""soza_rtr/te3/3""",0.354639175257732
"""sozb_rtr/gi1/1""","""soza_rtr/gi1/2""",0.354639175257732
"""rozb_rtr/te3/3""","""roza_rtr/gi4/46""",0.35294117647058826
"""roza_rtr/gi4/46""","""rozb_rtr/te3/3""",0.35294117647058826
"""poza_rtr/gi4/46""","""pozb_rtr/te3/3""",0.3524590163934426
"""pozb_rtr/te3/3""","""poza_rtr/gi4/46""",0.3524590163934426
"""rozb_rtr/te2/1""","""bbrb_rtr/te6/1""",0.34285714285714286
"""rozb_rtr/te2/1""","""bbrb_rtr/te7/3""",0.34285714285714286
"""rozb_rtr/te2/1""","""bbrb_rtr/te6/4""",0.34285714285714286
"""rozb_rtr/te2/1""","""bbrb_rtr/gi4/8""",0.34285714285714286
"""bbrb_rtr/te1/3""","""bbrb_rtr/te6/1""",0.34285714285714286
"""bbrb_rtr/te1/3""","""bbrb_rtr/te7/3""",0.34285714285714286
"""bbrb_rtr/te1/3""","""bbrb_rtr/te6/4""",0.34285714285714286
"""bbrb_rtr/te1/3""","""bbrb_rtr/gi4/8""",0.34285714285714286
"""bbrb_rtr/self""","""yoza_rtr/gi2/4""",0.3346153846153846
"""yoza_rtr/gi2/4""","""bbrb_rtr/self""",0.3346153846153846
"""boza_rtr/gi4/47""","""yozb_rtr/gi5/2""",0.3333333333333333
"""boza_rtr/gi4/47""","""yoza_rtr/fa4/46""",0.3333333333333333
"""yoza_rtr/te1/2""","""bbrb_rtr/gi4/3""",0.3333333333333333
"""yoza_rtr/te1/2""","""yoza_rtr/te7/1""",0.3333333333333333
"""yoza_rtr/te1/2""","""bbrb_rtr/te7/4""",0.3333333333333333
"""pozb_rtr/te3/1""","""roza_rtr/te2/1""",0.3333333333333333
"""pozb_rtr/te3/1""","""yozb_rtr/te2/1""",0.3333333333333333
"""pozb_rtr/te3/1""","""bbra_rtr/te7/4""",0.3333333333333333
"""pozb_rtr/te3/1""","""bbra_rtr/gi4/8""",0.3333333333333333
"""pozb_rtr/te3/1""","""bozb_rtr/te3/1""",0.3333333333333333
"""pozb_rtr/te3/1""","""bbra_rtr/te6/4""",0.3333333333333333
"""yoza_rtr/fa4/46""","""boza_rtr/gi4/47""",0.3333333333333333
"""yoza_rtr/te1/3""","""bbra_rtr/te1/2""",0.3333333333333333
"""goza_rtr/te2/1""","""roza_rtr/te2/1""",0.3333333333333333
"""goza_rtr/te2/1""","""yozb_rtr/te2/1""",0.3333333333333333
"""bozb_rtr/te3/1""","""bbra_rtr/te7/4""",0.3333333333333333
"""bozb_rtr/te3/1""","""bbra_rtr/gi4/8""",0.3333333333333333
"""bozb_rtr/te3/1""","""pozb_rtr/te3/1""",0.3333333333333333
"""bozb_rtr/te3/1""","""goza_rtr/te2/1""",0.3333333333333333
"""bozb_rtr/te3/1""","""bbra_rtr/te6/4""",0.3333333333333333
"""bbra_rtr/gi4/8""","""bbra_rtr/te7/4""",0.3333333333333333
"""bbra_rtr/gi4/8""","""goza_rtr/te2/1""",0.3333333333333333
"""bbra_rtr/gi4/8""","""bozb_rtr/te3/1""",0.3333333333333333
"""bbra_rtr/gi4/8""","""yozb_rtr/te2/1""",0.3333333333333333
"""bbra_rtr/gi4/8""","""roza_rtr/te2/1""",0.3333333333333333
"""bbra_rtr/gi4/8""","""pozb_rtr/te3/1""",0.3333333333333333
"""bbra_rtr/gi4/8""","""bbra_rtr/te6/4""",0.3333333333333333
"""bbra_rtr/gi4/14""","""bbra_rtr/gi4/15""",0.3333333333333333
"""bbra_rtr/gi4/15""","""bbra_rtr/gi4/14""",0.3333333333333333
"""bbra_rtr/te7/4""","""bbra_rtr/gi4/8""",0.3333333333333333
"""bbra_rtr/te7/4""","""goza_rtr/te2/1""",0.3333333333333333
"""bbra_rtr/te7/4""","""bozb_rtr/te3/1""",0.3333333333333333
"""bbra_rtr/te7/4""","""yozb_rtr/te2/1""",0.3333333333333333
"""bbra_rtr/te7/4""","""roza_rtr/te2/1""",0.3333333333333333
"""bbra_rtr/te7/4""","""pozb_rtr/te3/1""",0.3333333333333333
"""bbra_rtr/te7/4""","""bbra_rtr/te6/4""",0.3333333333333333
"""bbra_rtr/gi3/9""","""bbra_rtr/te1/2""",0.3333333333333333
"""roza_rtr/te2/4""","""rozb_rtr/te2/4""",0.3333333333333333
"""roza_rtr/te2/1""","""bbra_rtr/te7/4""",0.3333333333333333
"""roza_rtr/te2/1""","""bbra_rtr/gi4/8""",0.3333333333333333
"""roza_rtr/te2/1""","""pozb_rtr/te3/1""",0.3333333333333333
"""roza_rtr/te2/1""","""goza_rtr/te2/1""",0.3333333333333333
"""roza_rtr/te2/1""","""bbra_rtr/te6/4""",0.3333333333333333
"""yozb_rtr/te1/2""","""yoza_rtr/te7/1""",0.3333333333333333
"""yozb_rtr/te1/2""","""bbrb_rtr/gi4/3""",0.3333333333333333
"""yozb_rtr/te1/2""","""bbrb_rtr/te7/4""",0.3333333333333333
"""yozb_rtr/gi5/2""","""boza_rtr/gi4/47""",0.3333333333333333
"""yozb_rtr/te2/1""","""bbra_rtr/te7/4""",0.3333333333333333
"""yozb_rtr/te2/1""","""pozb_rtr/te3/1""",0.3333333333333333
"""yozb_rtr/te2/1""","""goza_rtr/te2/1""",0.3333333333333333
"""yozb_rtr/te2/1""","""bbra_rtr/gi4/8""",0.3333333333333333
"""yozb_rtr/te2/1""","""bbra_rtr/te6/4""",0.3333333333333333
"""rozb_rtr/te2/4""","""roza_rtr/te2/4""",0.3333333333333333
"""bbrb_rtr/gi4/4""","""bbra_rtr/gi4/6""",0.3333333333333333
"""bbrb_rtr/te6/2""","""bbrb_rtr/te6/3""",0.3333333333333333
"""bbrb_rtr/te6/2""","""bbrb_rtr/te1/1""",0.3333333333333333
"""bbrb_rtr/te6/2""","""bbrb_rtr/te6/1""",0.3333333333333333
"""bbrb_rtr/te6/2""","""bbrb_rtr/te7/3""",0.3333333333333333
"""bbrb_rtr/te6/2""","""bbrb_rtr/te6/4""",0.3333333333333333
"""bbrb_rtr/te6/2""","""bbrb_rtr/gi4/8""",0.3333333333333333
"""bbrb_rtr/te6/2""","""roza_rtr/te3/1""",0.3333333333333333
"""bbrb_rtr/te1/4""","""bbrb_rtr/te6/3""",0.3333333333333333
"""bbrb_rtr/te1/4""","""bbrb_rtr/te1/1""",0.3333333333333333
"""bbrb_rtr/te1/4""","""bbrb_rtr/te6/1""",0.3333333333333333
"""bbrb_rtr/te1/4""","""bbrb_rtr/te6/4""",0.3333333333333333
"""bbrb_rtr/te1/4""","""bbrb_rtr/gi4/8""",0.3333333333333333
"""bbrb_rtr/te1/4""","""roza_rtr/te3/1""",0.3333333333333333
"""goza_rtr/te2/1""","""bbra_rtr/te7/4""",0.3333333333333333
"""goza_rtr/te2/1""","""bbra_rtr/gi4/8""",0.3333333333333333
"""goza_rtr/te2/1""","""bozb_rtr/te3/1""",0.3333333333333333
"""goza_rtr/te2/1""","""bbra_rtr/te6/4""",0.3333333333333333
"""bbra_rtr/gi4/6""","""bbrb_rtr/gi4/4""",0.3333333333333333
"""bbra_rtr/te6/4""","""bbra_rtr/te7/4""",0.3333333333333333
"""bbra_rtr/te6/4""","""goza_rtr/te2/1""",0.3333333333333333
"""bbra_rtr/te6/4""","""bozb_rtr/te3/1""",0.3333333333333333
"""bbra_rtr/te6/4""","""yozb_rtr/te2/1""",0.3333333333333333
"""bbra_rtr/te6/4""","""roza_rtr/te2/1""",0.3333333333333333
"""bbra_rtr/te6/4""","""pozb_rtr/te3/1""",0.3333333333333333
"""bbra_rtr/te6/4""","""bbra_rtr/gi4/8""",0.3333333333333333
"""bbra_rtr/te7/3""","""goza_rtr/te3/1""",0.3333333333333333
"""bbra_rtr/te7/3""","""pozb_rtr/te2/1""",0.3333333333333333
"""bbra_rtr/te7/3""","""bbrb_rtr/te1/1""",0.3333333333333333
"""bbra_rtr/te1/3""","""bbrb_rtr/te6/3""",0.3333333333333333
"""bbra_rtr/te1/3""","""yozb_rtr/te1/1""",0.3333333333333333
"""bbra_rtr/te1/3""","""bozb_rtr/te2/1""",0.3333333333333333
"""bbra_rtr/te1/3""","""roza_rtr/te3/1""",0.3333333333333333
"""bbra_rtr/te1/2""","""yoza_rtr/te1/3""",0.3333333333333333
"""bbra_rtr/te1/2""","""bbra_rtr/gi3/9""",0.3333333333333333
"""soza_rtr/te2/2""","""sozb_rtr/te3/4""",0.33182844243792325
"""sozb_rtr/te3/4""","""soza_rtr/te2/2""",0.33182844243792325
"""sozb_rtr/te3/4""","""soza_rtr/te3/3""",0.3273942093541203
"""sozb_rtr/te3/4""","""soza_rtr/gi1/2""",0.3273942093541203
"""soza_rtr/gi1/2""","""sozb_rtr/te3/4""",0.3273942093541203
"""soza_rtr/te3/3""","""sozb_rtr/te3/4""",0.3273942093541203
"""yoza_rtr/gi2/4""","""bbra_rtr/self""",0.32706766917293234
"""bbra_rtr/self""","""yoza_rtr/gi2/4""",0.32706766917293234
"""yoza_rtr/gi2/3""","""bbrb_rtr/self""",0.32684824902723736
"""yoza_rtr/gi2/13""","""bbrb_rtr/self""",0.32684824902723736
"""yoza_rtr/gi2/16""","""bbrb_rtr/self""",0.32684824902723736
"""yoza_rtr/gi3/3""","""bbrb_rtr/self""",0.32684824902723736
"""yoza_rtr/gi3/4""","""bbrb_rtr/self""",0.32684824902723736
"""bbrb_rtr/self""","""yoza_rtr/gi2/16""",0.32684824902723736
"""bbrb_rtr/self""","""yoza_rtr/gi2/13""",0.32684824902723736
"""bbrb_rtr/self""","""yoza_rtr/gi3/4""",0.32684824902723736
"""bbrb_rtr/self""","""yoza_rtr/gi3/3""",0.32684824902723736
"""bbrb_rtr/self""","""yoza_rtr/gi2/3""",0.32684824902723736
"""goza_rtr/self""","""gozb_rtr/te3/3""",0.3246753246753247
"""gozb_rtr/te3/3""","""goza_rtr/self""",0.3246753246753247
"""sozb_rtr/te2/2""","""soza_rtr/te3/4""",0.31956521739130433
"""soza_rtr/te3/4""","""sozb_rtr/te2/2""",0.31956521739130433
"""bbrb_rtr/self""","""yoza_rtr/te7/2""",0.3193916349809886
"""bbra_rtr/self""","""yoza_rtr/gi2/16""",0.3193916349809886
"""bbra_rtr/self""","""yoza_rtr/gi2/13""",0.3193916349809886
"""bbra_rtr/self""","""yoza_rtr/gi3/4""",0.3193916349809886
"""bbra_rtr/self""","""yoza_rtr/gi3/3""",0.3193916349809886
"""bbra_rtr/self""","""yoza_rtr/gi2/3""",0.3193916349809886
"""yoza_rtr/te7/2""","""bbrb_rtr/self""",0.3193916349809886
"""yoza_rtr/gi2/3""","""bbra_rtr/self""",0.3193916349809886
"""yoza_rtr/gi2/13""","""bbra_rtr/self""",0.3193916349809886
"""yoza_rtr/gi2/16""","""bbra_rtr/self""",0.3193916349809886
"""yoza_rtr/gi3/3""","""bbra_rtr/self""",0.3193916349809886
"""yoza_rtr/gi3/4""","""bbra_rtr/self""",0.3193916349809886
"""soza_rtr/te3/4""","""sozb_rtr/gi1/1""",0.315450643776824
"""sozb_rtr/gi1/1""","""soza_rtr/te3/4""",0.315450643776824
"""bbra_rtr/self""","""yoza_rtr/te7/2""",0.31226765799256506
"""yoza_rtr/te7/2""","""bbra_rtr/self""",0.31226765799256506
"""bbrb_rtr/te7/1""","""poza_rtr/te3/1""",0.30952380952380953
"""bbrb_rtr/te7/1""","""gozb_rtr/te2/1""",0.30952380952380953
"""bbra_rtr/te7/1""","""poza_rtr/te3/1""",0.30952380952380953
"""bbra_rtr/te7/1""","""gozb_rtr/te2/1""",0.30952380952380953
"""bbra_rtr/te6/1""","""cozb_rtr/te2/1""",0.3076923076923077
"""bbra_rtr/te6/1""","""soza_rtr/te3/1""",0.3076923076923077
"""soza_rtr/te3/1""","""bbra_rtr/te6/1""",0.3076923076923077
"""cozb_rtr/te2/1""","""bbra_rtr/te6/1""",0.3076923076923077
"""bbra_rtr/gi4/16""","""bbrb_rtr/gi5/1""",0.2965779467680608
"""bbrb_rtr/gi5/1""","""bbra_rtr/gi4/16""",0.2965779467680608
"""bbrb_rtr/te7/1""","""bbrb_rtr/te7/2""",0.29545454545454547
"""bbra_rtr/te7/1""","""bbrb_rtr/te7/2""",0.29545454545454547
"""bbra_rtr/te6/1""","""bbrb_rtr/te6/1""",0.2916666666666667
"""bbra_rtr/te6/2""","""bbrb_rtr/te6/2""",0.2857142857142857
"""yoza_rtr/te1/2""","""bbrb_rtr/te6/3""",0.2857142857142857
"""yoza_rtr/te1/2""","""bbrb_rtr/te1/1""",0.2857142857142857
"""yoza_rtr/te1/2""","""bbrb_rtr/te6/1""",0.2857142857142857
"""yozb_rtr/te1/2""","""bbrb_rtr/te6/3""",0.2857142857142857
"""yozb_rtr/te1/2""","""bbrb_rtr/te1/1""",0.2857142857142857
"""yozb_rtr/te1/2""","""bbrb_rtr/te6/1""",0.2857142857142857
"""cozb_rtr/te3/1""","""soza_rtr/te2/1""",0.2727272727272727
"""soza_rtr/te2/1""","""cozb_rtr/te3/1""",0.2727272727272727
"""soza_rtr/te3/1""","""yoza_rtr/te7/1""",0.2692307692307692
"""soza_rtr/te3/1""","""bbrb_rtr/gi4/3""",0.2692307692307692
"""cozb_rtr/te2/1""","""yoza_rtr/te7/1""",0.2692307692307692
"""cozb_rtr/te2/1""","""bbrb_rtr/gi4/3""",0.2692307692307692
"""yozb_rtr/te1/3""","""yoza_rtr/fa4/44""",0.25
"""yozb_rtr/te1/3""","""yoza_rtr/te1/4""",0.25
"""yozb_rtr/gi5/2""","""gozb_rtr/gi1/2""",0.25
"""yozb_rtr/te2/1""","""bbrb_rtr/te6/3""",0.25
"""bbra_rtr/te1/1""","""bbra_rtr/te7/4""",0.25
"""bbra_rtr/te6/4""","""bbra_rtr/te1/2""",0.25
"""bbra_rtr/te6/2""","""yoza_rtr/te1/3""",0.25
"""bbra_rtr/gi4/13""","""yoza_rtr/te1/3""",0.25
"""bbra_rtr/te1/2""","""roza_rtr/te2/1""",0.25
"""bbra_rtr/te1/2""","""bbra_rtr/gi4/8""",0.25
"""goza_rtr/te2/1""","""bbrb_rtr/te1/1""",0.25
"""gozb_rtr/gi1/2""","""yozb_rtr/gi5/2""",0.25
"""gozb_rtr/gi1/2""","""yoza_rtr/fa4/46""",0.25
"""bbra_rtr/te1/2""","""yozb_rtr/te2/1""",0.25
"""bbra_rtr/te1/2""","""bbra_rtr/te7/4""",0.25
"""bbra_rtr/te1/2""","""pozb_rtr/te3/1""",0.25
"""bbra_rtr/te1/2""","""goza_rtr/te2/1""",0.25
"""bbra_rtr/te1/2""","""bozb_rtr/te3/1""",0.25
"""bbra_rtr/te1/2""","""bbra_rtr/te6/4""",0.25
"""bbra_rtr/gi4/8""","""bbrb_rtr/gi4/8""",0.25
"""bbra_rtr/gi4/8""","""bbra_rtr/te1/2""",0.25
"""bbra_rtr/gi5/1""","""yoza_rtr/te1/3""",0.25
"""bbra_rtr/te7/4""","""bbra_rtr/te1/2""",0.25
"""bbra_rtr/te7/4""","""bbra_rtr/te1/1""",0.25
"""roza_rtr/te2/1""","""bozb_rtr/te2/1""",0.25
"""bozb_rtr/te2/4""","""boza_rtr/te2/4""",0.25
"""bozb_rtr/te3/1""","""bbrb_rtr/te6/3""",0.25
"""yoza_rtr/te1/4""","""yozb_rtr/te1/3""",0.25
"""yoza_rtr/te1/4""","""yozb_rtr/te1/4""",0.25
"""yoza_rtr/te1/4""","""yoza_rtr/te1/1""",0.25
"""yoza_rtr/fa4/44""","""yozb_rtr/te1/3""",0.25
"""yoza_rtr/fa4/44""","""yoza_rtr/te1/1""",0.25
"""pozb_rtr/te3/1""","""bbrb_rtr/te1/1""",0.25
"""yoza_rtr/fa4/46""","""gozb_rtr/gi1/2""",0.25
"""yoza_rtr/te1/3""","""bbra_rtr/gi5/1""",0.25
"""yoza_rtr/te1/1""","""yoza_rtr/fa4/44""",0.25
"""yoza_rtr/te1/1""","""yoza_rtr/te1/4""",0.25
"""boza_rtr/te2/4""","""bozb_rtr/te2/4""",0.25
"""soza_rtr/te2/4""","""sozb_rtr/te2/4""",0.25
"""sozb_rtr/te2/4""","""soza_rtr/te2/4""",0.25
"""boza_rtr/te2/1""","""boza_rtr/te3/1""",0.25
"""yoza_rtr/fa4/42""","""yoza_rtr/te7/4""",0.24896265560165975
"""yoza_rtr/te7/4""","""yoza_rtr/fa4/42""",0.24896265560165975
"""gozb_rtr/te3/1""","""bbra_rtr/te6/1""",0.21052631578947367
"""poza_rtr/te2/1""","""bbra_rtr/te6/1""",0.21052631578947367
"""bbra_rtr/te1/4""","""boza_rtr/te3/1""",0.20689655172413793
"""boza_rtr/te2/1""","""bbrb_rtr/te1/3""",0.20689655172413793
"""boza_rtr/te2/1""","""rozb_rtr/te2/1""",0.20689655172413793
"""yoza_rtr/fa4/42""","""yozb_rtr/te2/4""",0.2033898305084746
"""yozb_rtr/te2/4""","""yoza_rtr/fa4/42""",0.2033898305084746
"""yozb_rtr/te1/3""","""yoza_rtr/fa4/41""",0.2
"""pozb_rtr/te2/4""","""poza_rtr/te2/4""",0.2
"""yoza_rtr/te1/1""","""yoza_rtr/fa4/41""",0.2
"""boza_rtr/te2/1""","""rozb_rtr/te3/1""",0.2
"""goza_rtr/te2/4""","""gozb_rtr/te2/4""",0.2
"""poza_rtr/te2/4""","""pozb_rtr/te2/4""",0.2
"""bozb_rtr/self""","""rozb_rtr/self""",0.2
"""bozb_rtr/te2/2""","""boza_rtr/te2/2""",0.2
"""bbra_rtr/gi5/1""","""bbra_rtr/gi4/8""",0.2
"""bbra_rtr/gi5/1""","""bozb_rtr/te3/1""",0.2
"""bbra_rtr/gi5/1""","""roza_rtr/te2/1""",0.2
"""bbra_rtr/gi5/1""","""yozb_rtr/te2/1""",0.2
"""bbra_rtr/gi5/1""","""bbra_rtr/te7/4""",0.2
"""bbra_rtr/gi5/1""","""pozb_rtr/te3/1""",0.2
"""bbra_rtr/gi5/1""","""goza_rtr/te2/1""",0.2
"""bbra_rtr/gi5/1""","""bbra_rtr/te6/4""",0.2
"""rozb_rtr/self""","""bozb_rtr/self""",0.2
"""bbra_rtr/te6/4""","""bbra_rtr/gi5/1""",0.2
"""bbra_rtr/te6/2""","""bbra_rtr/gi4/8""",0.2
"""bbra_rtr/te6/2""","""roza_rtr/te2/1""",0.2
"""bbra_rtr/te6/2""","""yozb_rtr/te2/1""",0.2
"""bbra_rtr/te6/2""","""bbra_rtr/te7/4""",0.2
"""bbra_rtr/te6/2""","""pozb_rtr/te3/1""",0.2
"""bbra_rtr/te6/2""","""goza_rtr/te2/1""",0.2
"""bbra_rtr/te6/2""","""bozb_rtr/te3/1""",0.2
"""bbra_rtr/te6/2""","""bbra_rtr/te6/4""",0.2
"""bbra_rtr/gi4/13""","""bbra_rtr/gi4/8""",0.2
"""bbra_rtr/gi4/13""","""bozb_rtr/te3/1""",0.2
"""bbra_rtr/gi4/13""","""roza_rtr/te2/1""",0.2
"""bbra_rtr/gi4/13""","""yozb_rtr/te2/1""",0.2
"""bbra_rtr/gi4/13""","""bbra_rtr/te7/4""",0.2
"""bbra_rtr/gi4/13""","""pozb_rtr/te3/1""",0.2
"""bbra_rtr/gi4/13""","""goza_rtr/te2/1""",0.2
"""bbra_rtr/gi4/13""","""bbra_rtr/te6/4""",0.2
"""gozb_rtr/te2/4""","""goza_rtr/te2/4""",0.2
"""yoza_rtr/fa4/41""","""yozb_rtr/te1/3""",0.2
"""yoza_rtr/fa4/41""","""yoza_rtr/te1/1""",0.2
"""boza_rtr/te2/2""","""bozb_rtr/te2/2""",0.2
"""rozb_rtr/te3/1""","""yoza_rtr/te1/3""",0.2
"""rozb_rtr/te3/1""","""boza_rtr/te2/1""",0.2
"""cozb_rtr/te3/3""","""sozb_rtr/te3/1""",0.1958997722095672
"""sozb_rtr/te3/1""","""cozb_rtr/te3/3""",0.1958997722095672
"""bbrb_rtr/te7/1""","""bbra_rtr/te1/3""",0.1935483870967742
"""bbrb_rtr/te7/1""","""boza_rtr/te2/1""",0.1935483870967742
"""bbrb_rtr/te7/1""","""bbra_rtr/te7/3""",0.1935483870967742
"""boza_rtr/te2/1""","""bbrb_rtr/te7/1""",0.1935483870967742
"""boza_rtr/te2/1""","""bbra_rtr/te7/1""",0.1935483870967742
"""bbra_rtr/te7/3""","""bbrb_rtr/te7/1""",0.1935483870967742
"""bbra_rtr/te7/3""","""bbra_rtr/te7/1""",0.1935483870967742
"""bbra_rtr/te1/3""","""bbrb_rtr/te7/1""",0.1935483870967742
"""bbra_rtr/te1/3""","""bbra_rtr/te7/1""",0.1935483870967742
"""bbra_rtr/te7/1""","""bbra_rtr/te1/3""",0.1935483870967742
"""bbra_rtr/te7/1""","""boza_rtr/te2/1""",0.1935483870967742
"""bbra_rtr/te7/1""","""bbra_rtr/te7/3""",0.1935483870967742
"""sozb_rtr/te3/1""","""cozb_rtr/te3/4""",0.19184652278177458
"""cozb_rtr/te3/4""","""sozb_rtr/te3/1""",0.19184652278177458
"""bbra_rtr/te7/1""","""coza_rtr/te3/1""",0.1891891891891892
"""bbra_rtr/te7/1""","""sozb_rtr/te2/1""",0.1891891891891892
"""bbrb_rtr/te7/1""","""coza_rtr/te3/1""",0.1891891891891892
"""bbrb_rtr/te7/1""","""sozb_rtr/te2/1""",0.1891891891891892
"""cozb_rtr/te3/1""","""sozb_rtr/te3/3""",0.18867924528301888
"""sozb_rtr/te3/3""","""cozb_rtr/te3/1""",0.18867924528301888
"""cozb_rtr/gi1/2""","""sozb_rtr/te3/1""",0.1867881548974943
"""sozb_rtr/te3/1""","""cozb_rtr/gi1/2""",0.1867881548974943
"""yoza_rtr/te7/4""","""yoza_rtr/gi3/11""",0.18181818181818182
"""yoza_rtr/gi3/11""","""yoza_rtr/te7/4""",0.18181818181818182
"""cozb_rtr/te3/1""","""sozb_rtr/te2/2""",0.17713004484304934
"""sozb_rtr/te2/2""","""cozb_rtr/te3/1""",0.17713004484304934
"""poza_rtr/te2/1""","""poza_rtr/te3/1""",0.17647058823529413
"""poza_rtr/te2/1""","""gozb_rtr/te2/1""",0.17647058823529413
"""goza_rtr/self""","""gozb_rtr/self""",0.17647058823529413
"""gozb_rtr/self""","""goza_rtr/self""",0.17647058823529413
"""gozb_rtr/te3/1""","""poza_rtr/te3/1""",0.17647058823529413
"""gozb_rtr/te3/1""","""gozb_rtr/te2/1""",0.17647058823529413
"""bbra_rtr/gi4/9""","""bbra_rtr/gi4/11""",0.17391304347826086
"""bbra_rtr/gi4/11""","""bbra_rtr/gi4/9""",0.17391304347826086
"""sozb_rtr/gi1/1""","""cozb_rtr/te3/1""",0.17218543046357615
"""cozb_rtr/te3/1""","""sozb_rtr/gi1/1""",0.17218543046357615
"""rozb_rtr/te3/1""","""bbra_rtr/te1/4""",0.17142857142857143
"""gozb_rtr/te3/1""","""bbrb_rtr/te7/2""",0.17142857142857143
"""bbra_rtr/te1/4""","""rozb_rtr/te3/1""",0.17142857142857143
"""poza_rtr/te2/1""","""bbrb_rtr/te7/2""",0.17142857142857143
"""sozb_rtr/te3/4""","""cozb_rtr/te3/1""",0.1691542288557214
"""cozb_rtr/te3/1""","""sozb_rtr/te3/4""",0.1691542288557214
"""rozb_rtr/te3/1""","""roza_rtr/te2/1""",0.16666666666666666
"""rozb_rtr/te3/1""","""bbra_rtr/te7/4""",0.16666666666666666
"""rozb_rtr/te3/1""","""pozb_rtr/te3/1""",0.16666666666666666
"""rozb_rtr/te3/1""","""goza_rtr/te2/1""",0.16666666666666666
"""rozb_rtr/te3/1""","""bozb_rtr/te3/1""",0.16666666666666666
"""rozb_rtr/te3/1""","""bbra_rtr/gi4/8""",0.16666666666666666
"""rozb_rtr/te3/1""","""bbra_rtr/te6/4""",0.16666666666666666
"""yozb_rtr/self""","""gozb_rtr/self""",0.16666666666666666
"""bbra_rtr/gi5/1""","""bbra_rtr/te1/2""",0.16666666666666666
"""rozb_rtr/self""","""pozb_rtr/self""",0.16666666666666666
"""pozb_rtr/self""","""bozb_rtr/self""",0.16666666666666666
"""pozb_rtr/self""","""rozb_rtr/self""",0.16666666666666666
"""bozb_rtr/self""","""pozb_rtr/self""",0.16666666666666666
"""bbra_rtr/te1/4""","""bbrb_rtr/te7/1""",0.16666666666666666
"""bbra_rtr/te1/4""","""bbra_rtr/te7/1""",0.16666666666666666
"""bbra_rtr/gi4/13""","""bbra_rtr/te1/2""",0.16666666666666666
"""gozb_rtr/self""","""yozb_rtr/self""",0.16666666666666666
"""yoza_rtr/te1/4""","""yozb_rtr/te1/2""",0.16666666666666666
"""yoza_rtr/te1/4""","""yoza_rtr/te1/2""",0.16666666666666666
"""yoza_rtr/fa4/44""","""yozb_rtr/te1/2""",0.16666666666666666
"""yoza_rtr/fa4/44""","""yoza_rtr/te1/2""",0.16666666666666666
"""soza_rtr/self""","""sozb_rtr/self""",0.1619718309859155
"""sozb_rtr/self""","""soza_rtr/self""",0.1619718309859155
"""sozb_rtr/te3/1""","""coza_rtr/self""",0.1608187134502924
"""coza_rtr/self""","""sozb_rtr/te3/1""",0.1608187134502924
"""poza_rtr/te2/1""","""bbrb_rtr/te7/1""",0.16
"""poza_rtr/te2/1""","""bbra_rtr/te7/1""",0.16
"""gozb_rtr/te3/1""","""bbrb_rtr/te7/1""",0.16
"""gozb_rtr/te3/1""","""bbra_rtr/te7/1""",0.16
"""yoza_rtr/self""","""yozb_rtr/te2/4""",0.15472779369627507
"""yozb_rtr/te2/4""","""yoza_rtr/self""",0.15472779369627507
"""roza_rtr/self""","""rozb_rtr/self""",0.15384615384615385
"""rozb_rtr/self""","""roza_rtr/self""",0.15384615384615385
"""coza_rtr/self""","""cozb_rtr/self""",0.152317880794702
"""cozb_rtr/self""","""coza_rtr/self""",0.152317880794702
"""cozb_rtr/te3/1""","""soza_rtr/gi1/2""",0.15083798882681565
"""soza_rtr/gi1/2""","""cozb_rtr/te3/1""",0.15083798882681565
"""soza_rtr/te2/2""","""cozb_rtr/te3/1""",0.1501416430594901
"""cozb_rtr/te3/1""","""soza_rtr/te2/2""",0.1501416430594901
"""cozb_rtr/te3/1""","""soza_rtr/te3/3""",0.14763231197771587
"""soza_rtr/te3/3""","""cozb_rtr/te3/1""",0.14763231197771587
"""yoza_rtr/te7/4""","""yoza_rtr/gi3/3""",0.1466992665036675
"""yoza_rtr/te7/4""","""yoza_rtr/gi2/13""",0.1466992665036675
"""yoza_rtr/te7/4""","""yoza_rtr/gi3/4""",0.1466992665036675
"""yoza_rtr/te7/4""","""yoza_rtr/gi2/3""",0.1466992665036675
"""yoza_rtr/gi2/3""","""yoza_rtr/te7/4""",0.1466992665036675
"""yoza_rtr/gi2/13""","""yoza_rtr/te7/4""",0.1466992665036675
"""yoza_rtr/gi2/16""","""yoza_rtr/te7/4""",0.1466992665036675
"""yoza_rtr/gi3/3""","""yoza_rtr/te7/4""",0.1466992665036675
"""yoza_rtr/gi3/4""","""yoza_rtr/te7/4""",0.1466992665036675
"""yoza_rtr/te7/4""","""yoza_rtr/gi2/16""",0.1466992665036675
"""yoza_rtr/te1/1""","""yozb_rtr/te1/4""",0.14285714285714285
"""yozb_rtr/te1/3""","""yozb_rtr/te1/4""",0.14285714285714285
"""goza_rtr/gi4/19""","""gozb_rtr/self""",0.14285714285714285
"""goza_rtr/gi4/20""","""gozb_rtr/self""",0.14285714285714285
"""gozb_rtr/self""","""goza_rtr/gi4/20""",0.14285714285714285
"""gozb_rtr/self""","""goza_rtr/gi4/19""",0.14285714285714285
"""yoza_rtr/fa4/41""","""yozb_rtr/te1/2""",0.14285714285714285
"""yoza_rtr/fa4/41""","""yoza_rtr/te1/2""",0.14285714285714285
"""yoza_rtr/gi2/4""","""yoza_rtr/te7/4""",0.14251781472684086
"""yoza_rtr/te7/4""","""yoza_rtr/te7/2""",0.14251781472684086
"""yoza_rtr/te7/4""","""yoza_rtr/gi2/4""",0.14251781472684086
"""yoza_rtr/te7/2""","""yoza_rtr/te7/4""",0.14251781472684086
"""poza_rtr/self""","""pozb_rtr/self""",0.1411764705882353
"""pozb_rtr/self""","""poza_rtr/self""",0.1411764705882353
"""sozb_rtr/te3/1""","""coza_rtr/te2/1""",0.14018691588785046
"""coza_rtr/te2/1""","""sozb_rtr/te3/1""",0.14018691588785046
"""poza_rtr/te2/1""","""cozb_rtr/self""",0.14
"""gozb_rtr/te3/1""","""cozb_rtr/self""",0.14
"""cozb_rtr/self""","""poza_rtr/te2/1""",0.14
"""cozb_rtr/self""","""gozb_rtr/te3/1""",0.14
"""cozb_rtr/te3/1""","""soza_rtr/self""",0.13966480446927373
"""soza_rtr/self""","""cozb_rtr/te3/1""",0.13966480446927373
"""cozb_rtr/te3/1""","""soza_rtr/te3/4""",0.1393188854489164
"""soza_rtr/te3/4""","""cozb_rtr/te3/1""",0.1393188854489164
"""goza_rtr/te3/3""","""goza_rtr/gi4/20""",0.1388888888888889
"""goza_rtr/te3/3""","""goza_rtr/gi4/19""",0.1388888888888889
"""goza_rtr/gi4/19""","""goza_rtr/te3/3""",0.1388888888888889
"""goza_rtr/gi4/20""","""goza_rtr/te3/3""",0.1388888888888889
"""pozb_rtr/te3/3""","""soza_rtr/te2/1""",0.13380281690140844
"""soza_rtr/te2/1""","""pozb_rtr/te3/3""",0.13380281690140844
"""sozb_rtr/self""","""poza_rtr/te2/1""",0.1308411214953271
"""sozb_rtr/self""","""gozb_rtr/te3/1""",0.1308411214953271
"""gozb_rtr/te3/1""","""sozb_rtr/self""",0.1308411214953271
"""poza_rtr/te2/1""","""sozb_rtr/self""",0.1308411214953271
"""coza_rtr/gi1/1""","""sozb_rtr/te3/1""",0.1297709923664122
"""sozb_rtr/te3/1""","""coza_rtr/gi1/1""",0.1297709923664122
"""yozb_rtr/te2/4""","""yoza_rtr/gi2/16""",0.12958963282937366
"""yozb_rtr/te2/4""","""yoza_rtr/gi2/13""",0.12958963282937366
"""yozb_rtr/te2/4""","""yoza_rtr/gi3/3""",0.12958963282937366
"""yozb_rtr/te2/4""","""yoza_rtr/gi3/4""",0.12958963282937366
"""yozb_rtr/te2/4""","""yoza_rtr/gi2/3""",0.12958963282937366
"""cozb_rtr/self""","""soza_rtr/self""",0.12937062937062938
"""soza_rtr/self""","""cozb_rtr/self""",0.12937062937062938
"""sozb_rtr/te3/1""","""coza_rtr/te3/3""",0.12840466926070038
"""coza_rtr/te3/3""","""sozb_rtr/te3/1""",0.12840466926070038
"""cozb_rtr/self""","""yozb_rtr/self""",0.1276595744680851
"""yozb_rtr/self""","""cozb_rtr/self""",0.1276595744680851
"""yozb_rtr/te2/4""","""yoza_rtr/te7/2""",0.12631578947368421
"""yozb_rtr/te2/4""","""yoza_rtr/gi2/4""",0.12631578947368421
"""gozb_rtr/self""","""bozb_rtr/self""",0.125
"""gozb_rtr/self""","""rozb_rtr/self""",0.125
"""roza_rtr/te2/4""","""roza_rtr/gi4/46""",0.125
"""roza_rtr/gi4/46""","""rozb_rtr/te2/4""",0.125
"""roza_rtr/gi4/46""","""rozb_rtr/te2/2""",0.125
"""roza_rtr/gi4/46""","""roza_rtr/te2/4""",0.125
"""rozb_rtr/self""","""gozb_rtr/self""",0.125
"""rozb_rtr/te3/3""","""rozb_rtr/te2/4""",0.125
"""rozb_rtr/te3/3""","""rozb_rtr/te2/2""",0.125
"""rozb_rtr/te2/2""","""rozb_rtr/te3/3""",0.125
"""rozb_rtr/te2/2""","""roza_rtr/gi4/46""",0.125
"""rozb_rtr/te2/4""","""rozb_rtr/te3/3""",0.125
"""rozb_rtr/te2/4""","""roza_rtr/gi4/46""",0.125
"""bozb_rtr/self""","""gozb_rtr/self""",0.125
"""bbra_rtr/te1/1""","""yoza_rtr/te1/3""",0.125
"""sozb_rtr/te3/1""","""coza_rtr/te3/4""",0.12396694214876033
"""coza_rtr/te3/4""","""sozb_rtr/te3/1""",0.12396694214876033
"""poza_rtr/gi4/46""","""pozb_rtr/te2/4""",0.12244897959183673
"""pozb_rtr/te2/4""","""poza_rtr/gi4/46""",0.12244897959183673
"""yozb_rtr/self""","""sozb_rtr/self""",0.1188118811881188
"""sozb_rtr/self""","""yozb_rtr/self""",0.1188118811881188
"""sozb_rtr/self""","""coza_rtr/self""",0.11635220125786164
"""coza_rtr/self""","""sozb_rtr/self""",0.11635220125786164
"""bozb_rtr/te2/2""","""rozb_rtr/te3/1""",0.1111111111111111
"""bbra_rtr/te1/1""","""bozb_rtr/te3/1""",0.1111111111111111
"""bbra_rtr/te1/1""","""roza_rtr/te2/1""",0.1111111111111111
"""bbra_rtr/te1/1""","""yozb_rtr/te2/1""",0.1111111111111111
"""bbra_rtr/te1/1""","""bbra_rtr/gi4/8""",0.1111111111111111
"""bbra_rtr/te1/1""","""pozb_rtr/te3/1""",0.1111111111111111
"""bbra_rtr/te1/1""","""goza_rtr/te2/1""",0.1111111111111111
"""bbra_rtr/te1/1""","""bbra_rtr/te6/4""",0.1111111111111111
"""gozb_rtr/self""","""pozb_rtr/self""",0.1111111111111111
"""pozb_rtr/self""","""gozb_rtr/self""",0.1111111111111111
"""poza_rtr/self""","""soza_rtr/te2/1""",0.10891089108910891
"""soza_rtr/te2/1""","""poza_rtr/self""",0.10891089108910891
"""poza_rtr/te2/1""","""yoza_rtr/te1/3""",0.10714285714285714
"""gozb_rtr/te3/1""","""yoza_rtr/te1/3""",0.10714285714285714
"""goza_rtr/te3/3""","""gozb_rtr/self""",0.10416666666666667
"""gozb_rtr/self""","""goza_rtr/te3/3""",0.10416666666666667
"""bbrb_rtr/gi5/1""","""bbrb_rtr/te7/3""",0.1016949152542373
"""bbrb_rtr/gi5/1""","""bbrb_rtr/te6/1""",0.1016949152542373
"""bbra_rtr/te1/1""","""bbra_rtr/te1/2""",0.1
"""bbra_rtr/gi4/16""","""poza_rtr/te2/1""",0.1
"""bbra_rtr/gi4/16""","""gozb_rtr/te3/1""",0.1
"""goza_rtr/self""","""yozb_rtr/self""",0.1
"""rozb_rtr/self""","""yozb_rtr/self""",0.1
"""bozb_rtr/self""","""yozb_rtr/self""",0.1
"""yoza_rtr/gi3/11""","""yozb_rtr/te2/4""",0.1
"""yoza_rtr/gi2/2""","""yoza_rtr/te7/4""",0.1
"""yozb_rtr/self""","""goza_rtr/self""",0.1
"""yozb_rtr/self""","""bozb_rtr/self""",0.1
"""yozb_rtr/self""","""rozb_rtr/self""",0.1
"""bbrb_rtr/gi5/1""","""poza_rtr/te3/1""",0.09836065573770492
"""bbrb_rtr/gi5/1""","""gozb_rtr/te2/1""",0.09836065573770492
"""pozb_rtr/gi4/47""","""pozb_rtr/te3/3""",0.09836065573770492
"""pozb_rtr/te3/3""","""pozb_rtr/te2/4""",0.09836065573770492
"""pozb_rtr/te3/3""","""pozb_rtr/gi4/47""",0.09836065573770492
"""pozb_rtr/te2/4""","""pozb_rtr/te3/3""",0.09836065573770492
"""poza_rtr/te2/4""","""poza_rtr/gi4/46""",0.09836065573770492
"""poza_rtr/gi4/46""","""poza_rtr/te2/4""",0.09836065573770492
"""yoza_rtr/self""","""yozb_rtr/self""",0.09771986970684039
"""yozb_rtr/self""","""yoza_rtr/self""",0.09771986970684039
"""bbrb_rtr/gi5/1""","""bbrb_rtr/te7/2""",0.0972972972972973
"""bbra_rtr/gi4/14""","""poza_rtr/te2/1""",0.0967741935483871
"""bbra_rtr/gi4/14""","""gozb_rtr/te3/1""",0.0967741935483871
"""bbra_rtr/gi4/15""","""poza_rtr/te2/1""",0.0967741935483871
"""bbra_rtr/gi4/15""","""gozb_rtr/te3/1""",0.0967741935483871
"""bbra_rtr/gi4/14""","""bbra_rtr/gi4/9""",0.09523809523809523
"""bbra_rtr/gi4/15""","""bbra_rtr/gi4/9""",0.09523809523809523
"""bbrb_rtr/gi5/1""","""bbrb_rtr/te1/4""",0.09523809523809523
"""bbra_rtr/gi4/9""","""bbra_rtr/te7/4""",0.09523809523809523
"""bbra_rtr/gi4/9""","""bbra_rtr/gi4/15""",0.09523809523809523
"""bbra_rtr/gi4/9""","""bbra_rtr/gi4/14""",0.09523809523809523
"""poza_rtr/gi4/46""","""soza_rtr/te2/1""",0.09333333333333334
"""soza_rtr/te2/1""","""poza_rtr/gi4/46""",0.09333333333333334
"""soza_rtr/te2/1""","""poza_rtr/te3/3""",0.09278350515463918
"""poza_rtr/te3/3""","""soza_rtr/te2/1""",0.09278350515463918
"""poza_rtr/te2/4""","""bbra_rtr/te1/1""",0.09090909090909091
"""poza_rtr/gi4/48""","""roza_rtr/te3/3""",0.09090909090909091
"""pozb_rtr/self""","""yozb_rtr/self""",0.09090909090909091
"""roza_rtr/te3/3""","""soza_rtr/gi1/1""",0.09090909090909091
"""roza_rtr/te3/3""","""sozb_rtr/gi1/2""",0.09090909090909091
"""roza_rtr/te3/3""","""gozb_rtr/gi1/1""",0.09090909090909091
"""roza_rtr/te3/3""","""goza_rtr/gi4/48""",0.09090909090909091
"""roza_rtr/te3/3""","""cozb_rtr/gi1/1""",0.09090909090909091
"""roza_rtr/te3/3""","""coza_rtr/gi1/2""",0.09090909090909091
"""roza_rtr/te3/3""","""bozb_rtr/gi1/1""",0.09090909090909091
"""roza_rtr/te3/3""","""boza_rtr/gi4/48""",0.09090909090909091
"""yozb_rtr/self""","""pozb_rtr/self""",0.09090909090909091
"""bozb_rtr/self""","""boza_rtr/self""",0.09090909090909091
"""bozb_rtr/gi1/1""","""roza_rtr/te3/3""",0.09090909090909091
"""sozb_rtr/gi1/2""","""roza_rtr/te3/3""",0.09090909090909091
"""coza_rtr/gi1/2""","""roza_rtr/te3/3""",0.09090909090909091
"""cozb_rtr/gi1/1""","""roza_rtr/te3/3""",0.09090909090909091
"""goza_rtr/te2/4""","""bbra_rtr/te1/1""",0.09090909090909091
"""boza_rtr/gi4/48""","""roza_rtr/te3/3""",0.09090909090909091
"""soza_rtr/gi1/1""","""roza_rtr/te3/3""",0.09090909090909091
"""pozb_rtr/gi1/1""","""roza_rtr/te3/3""",0.09090909090909091
"""goza_rtr/gi4/48""","""roza_rtr/te3/3""",0.09090909090909091
"""gozb_rtr/gi1/1""","""roza_rtr/te3/3""",0.09090909090909091
"""boza_rtr/self""","""bozb_rtr/self""",0.09090909090909091
"""poza_rtr/te3/3""","""sozb_rtr/gi1/2""",0.08955223880597014
"""poza_rtr/te3/3""","""bozb_rtr/gi1/1""",0.08955223880597014
"""poza_rtr/te3/3""","""coza_rtr/gi1/2""",0.08955223880597014
"""poza_rtr/te3/3""","""gozb_rtr/gi1/1""",0.08955223880597014
"""poza_rtr/te3/3""","""goza_rtr/gi4/48""",0.08955223880597014
"""poza_rtr/te3/3""","""cozb_rtr/gi1/1""",0.08955223880597014
"""poza_rtr/te3/3""","""soza_rtr/gi1/1""",0.08955223880597014
"""bbrb_rtr/gi4/6""","""bbra_rtr/gi4/9""",0.08695652173913043
"""bbra_rtr/gi4/9""","""bbrb_rtr/gi4/6""",0.08695652173913043
"""rozb_rtr/self""","""cozb_rtr/self""",0.08571428571428572
"""bozb_rtr/self""","""cozb_rtr/self""",0.08571428571428572
"""cozb_rtr/self""","""bozb_rtr/self""",0.08571428571428572
"""cozb_rtr/self""","""rozb_rtr/self""",0.08571428571428572
"""roza_rtr/te2/4""","""roza_rtr/te3/3""",0.08333333333333333
"""bbra_rtr/te7/2""","""bbrb_rtr/gi4/3""",0.08333333333333333
"""bbra_rtr/te7/2""","""yoza_rtr/te7/1""",0.08333333333333333
"""bbra_rtr/te7/2""","""bbrb_rtr/te7/4""",0.08333333333333333
"""rozb_rtr/te2/2""","""roza_rtr/te3/3""",0.08333333333333333
"""rozb_rtr/te2/4""","""roza_rtr/te3/3""",0.08333333333333333
"""gozb_rtr/te3/3""","""gozb_rtr/te3/4""",0.08333333333333333
"""gozb_rtr/te3/4""","""gozb_rtr/te3/3""",0.08333333333333333
"""poza_rtr/gi1/1""","""poza_rtr/te3/3""",0.0821917808219178
"""pozb_rtr/te2/4""","""poza_rtr/te3/3""",0.0821917808219178
"""gozb_rtr/te3/3""","""goza_rtr/gi1/2""",0.08196721311475409
"""gozb_rtr/te3/3""","""gozb_rtr/gi4/5""",0.08196721311475409
"""gozb_rtr/te3/3""","""gozb_rtr/gi4/4""",0.08196721311475409
"""gozb_rtr/te3/3""","""gozb_rtr/te2/4""",0.08196721311475409
"""gozb_rtr/te3/3""","""gozb_rtr/gi4/7""",0.08196721311475409
"""gozb_rtr/te3/3""","""bozb_rtr/gi1/2""",0.08196721311475409
"""gozb_rtr/te3/3""","""roza_rtr/gi1/2""",0.08196721311475409
"""gozb_rtr/gi4/7""","""gozb_rtr/te3/3""",0.08196721311475409
"""gozb_rtr/te2/4""","""gozb_rtr/te3/3""",0.08196721311475409
"""roza_rtr/gi1/2""","""gozb_rtr/te3/3""",0.08196721311475409
"""goza_rtr/gi1/2""","""gozb_rtr/te3/3""",0.08196721311475409
"""gozb_rtr/gi4/4""","""gozb_rtr/te3/3""",0.08196721311475409
"""gozb_rtr/gi4/5""","""gozb_rtr/te3/3""",0.08196721311475409
"""poza_rtr/gi1/2""","""gozb_rtr/te3/3""",0.08196721311475409
"""pozb_rtr/gi1/2""","""gozb_rtr/te3/3""",0.08196721311475409
"""bozb_rtr/gi1/2""","""gozb_rtr/te3/3""",0.08196721311475409
"""yozb_rtr/self""","""bbrb_rtr/self""",0.08080808080808081
"""bbrb_rtr/self""","""yozb_rtr/self""",0.08080808080808081
"""coza_rtr/te2/1""","""soza_rtr/te2/1""",0.08
"""soza_rtr/te2/1""","""coza_rtr/te2/1""",0.08
"""cozb_rtr/self""","""pozb_rtr/self""",0.07894736842105263
"""pozb_rtr/self""","""cozb_rtr/self""",0.07894736842105263
"""boza_rtr/gi4/47""","""gozb_rtr/te3/3""",0.078125
"""rozb_rtr/self""","""sozb_rtr/self""",0.07792207792207792
"""sozb_rtr/self""","""bozb_rtr/self""",0.07792207792207792
"""sozb_rtr/self""","""rozb_rtr/self""",0.07792207792207792
"""bozb_rtr/self""","""sozb_rtr/self""",0.07792207792207792
"""bbra_rtr/self""","""yozb_rtr/self""",0.07766990291262135
"""yozb_rtr/self""","""bbra_rtr/self""",0.07766990291262135
"""pozb_rtr/te3/3""","""cozb_rtr/te3/1""",0.07723577235772358
"""rozb_rtr/te2/2""","""roza_rtr/self""",0.07692307692307693
"""rozb_rtr/te2/4""","""roza_rtr/self""",0.07692307692307693
"""bbra_rtr/te7/2""","""sozb_rtr/te2/1""",0.07692307692307693
"""bbra_rtr/te7/2""","""coza_rtr/te3/1""",0.07692307692307693
"""bbra_rtr/te7/2""","""bbra_rtr/te6/1""",0.07692307692307693
"""roza_rtr/self""","""rozb_rtr/te2/4""",0.07692307692307693
"""roza_rtr/self""","""rozb_rtr/te2/2""",0.07692307692307693
"""pozb_rtr/te2/4""","""poza_rtr/self""",0.0759493670886076
"""poza_rtr/self""","""pozb_rtr/te2/4""",0.0759493670886076
"""yoza_rtr/fa4/42""","""yoza_rtr/gi3/11""",0.07468879668049792
"""yoza_rtr/gi3/11""","""yoza_rtr/fa4/42""",0.07468879668049792
"""gozb_rtr/gi1/2""","""gozb_rtr/te3/3""",0.07462686567164178
"""bbrb_rtr/gi5/1""","""coza_rtr/te3/1""",0.07344632768361582
"""bbrb_rtr/gi5/1""","""sozb_rtr/te2/1""",0.07344632768361582
"""pozb_rtr/self""","""sozb_rtr/self""",0.07228915662650602
"""sozb_rtr/self""","""pozb_rtr/self""",0.07228915662650602
"""soza_rtr/self""","""coza_rtr/self""",0.07142857142857142
"""bozb_rtr/self""","""roza_rtr/self""",0.07142857142857142
"""coza_rtr/self""","""soza_rtr/self""",0.07142857142857142
"""roza_rtr/self""","""bozb_rtr/self""",0.07142857142857142
"""goza_rtr/te3/3""","""goza_rtr/te3/4""",0.07142857142857142
"""goza_rtr/te3/4""","""goza_rtr/te3/3""",0.07142857142857142
"""bozb_rtr/self""","""poza_rtr/self""",0.07058823529411765
"""rozb_rtr/self""","""poza_rtr/self""",0.07058823529411765
"""poza_rtr/self""","""bozb_rtr/self""",0.07058823529411765
"""poza_rtr/self""","""rozb_rtr/self""",0.07058823529411765
"""poza_rtr/te2/4""","""poza_rtr/te3/3""",0.07058823529411765
"""gozb_rtr/gi4/19""","""goza_rtr/te3/3""",0.07042253521126761
"""gozb_rtr/gi4/20""","""goza_rtr/te3/3""",0.07042253521126761
"""goza_rtr/te3/3""","""goza_rtr/gi4/5""",0.07042253521126761
"""goza_rtr/te3/3""","""goza_rtr/gi4/18""",0.07042253521126761
"""goza_rtr/te3/3""","""gozb_rtr/gi4/19""",0.07042253521126761
"""goza_rtr/te3/3""","""goza_rtr/gi4/4""",0.07042253521126761
"""goza_rtr/te3/3""","""goza_rtr/gi4/7""",0.07042253521126761
"""goza_rtr/gi4/7""","""goza_rtr/te3/3""",0.07042253521126761
"""goza_rtr/gi4/4""","""goza_rtr/te3/3""",0.07042253521126761
"""goza_rtr/gi4/5""","""goza_rtr/te3/3""",0.07042253521126761
"""goza_rtr/gi4/18""","""goza_rtr/te3/3""",0.07042253521126761
"""bbrb_rtr/gi5/1""","""cozb_rtr/te2/1""",0.07027027027027027
"""bbra_rtr/gi4/9""","""bbrb_rtr/gi5/1""",0.0684931506849315
"""bbra_rtr/gi4/16""","""bbra_rtr/gi5/1""",0.06818181818181818
"""cozb_rtr/self""","""gozb_rtr/self""",0.06818181818181818
"""gozb_rtr/self""","""cozb_rtr/self""",0.06818181818181818
"""soza_rtr/te2/1""","""poza_rtr/te2/1""",0.06741573033707865
"""soza_rtr/te2/1""","""gozb_rtr/te3/1""",0.06741573033707865
"""bbra_rtr/gi4/16""","""cozb_rtr/self""",0.0673076923076923
"""bbra_rtr/te7/2""","""coza_rtr/te2/1""",0.06666666666666667
"""gozb_rtr/te3/4""","""goza_rtr/te3/3""",0.06666666666666667
"""gozb_rtr/gi4/7""","""goza_rtr/self""",0.06666666666666667
"""gozb_rtr/te2/4""","""goza_rtr/self""",0.06666666666666667
"""gozb_rtr/gi4/4""","""goza_rtr/self""",0.06666666666666667
"""gozb_rtr/gi4/5""","""goza_rtr/self""",0.06666666666666667
"""pozb_rtr/self""","""roza_rtr/self""",0.06666666666666667
"""coza_rtr/te2/1""","""bbra_rtr/te7/2""",0.06666666666666667
"""roza_rtr/self""","""pozb_rtr/self""",0.06666666666666667
"""goza_rtr/self""","""gozb_rtr/gi4/4""",0.06666666666666667
"""goza_rtr/self""","""gozb_rtr/te2/4""",0.06666666666666667
"""goza_rtr/self""","""gozb_rtr/gi4/5""",0.06666666666666667
"""goza_rtr/self""","""gozb_rtr/gi4/7""",0.06666666666666667
"""bbra_rtr/gi4/16""","""sozb_rtr/self""",0.06511627906976744
"""sozb_rtr/self""","""bbra_rtr/gi4/16""",0.06511627906976744
"""gozb_rtr/gi4/4""","""goza_rtr/te3/3""",0.06493506493506493
"""gozb_rtr/gi4/5""","""goza_rtr/te3/3""",0.06493506493506493
"""gozb_rtr/gi4/7""","""goza_rtr/te3/3""",0.06493506493506493
"""gozb_rtr/te2/4""","""goza_rtr/te3/3""",0.06493506493506493
"""gozb_rtr/self""","""sozb_rtr/self""",0.06315789473684211
"""boza_rtr/gi4/4""","""boza_rtr/gi4/46""",0.0625
"""boza_rtr/gi4/3""","""boza_rtr/gi4/46""",0.0625
"""boza_rtr/gi4/46""","""boza_rtr/gi4/4""",0.0625
"""boza_rtr/gi4/46""","""boza_rtr/gi4/3""",0.0625
"""boza_rtr/gi4/46""","""boza_rtr/te2/4""",0.0625
"""boza_rtr/te2/4""","""boza_rtr/gi4/46""",0.0625
"""goza_rtr/self""","""bozb_rtr/self""",0.0625
"""goza_rtr/self""","""rozb_rtr/self""",0.0625
"""rozb_rtr/self""","""goza_rtr/self""",0.0625
"""bozb_rtr/self""","""goza_rtr/self""",0.0625
"""bbra_rtr/gi4/9""","""bbra_rtr/te1/1""",0.06060606060606061
"""boza_rtr/gi4/46""","""bozb_rtr/gi4/3""",0.058823529411764705
"""pozb_rtr/self""","""goza_rtr/self""",0.058823529411764705
"""bozb_rtr/gi4/3""","""boza_rtr/gi4/46""",0.058823529411764705
"""rozb_rtr/te3/3""","""roza_rtr/te2/4""",0.058823529411764705
"""roza_rtr/self""","""gozb_rtr/self""",0.058823529411764705
"""roza_rtr/te2/4""","""rozb_rtr/te3/3""",0.058823529411764705
"""goza_rtr/self""","""pozb_rtr/self""",0.058823529411764705
"""poza_rtr/self""","""gozb_rtr/self""",0.05825242718446602
"""bozb_rtr/te3/3""","""bozb_rtr/gi4/3""",0.05714285714285714
"""bozb_rtr/gi4/3""","""bozb_rtr/te3/3""",0.05714285714285714
"""yoza_rtr/self""","""bbrb_rtr/self""",0.05639097744360902
"""bbrb_rtr/self""","""yoza_rtr/self""",0.05639097744360902
"""gozb_rtr/te3/4""","""goza_rtr/self""",0.056179775280898875
"""goza_rtr/te2/4""","""goza_rtr/te3/3""",0.056179775280898875
"""bbra_rtr/gi4/9""","""poza_rtr/te2/1""",0.056074766355140186
"""bbra_rtr/gi4/9""","""gozb_rtr/te3/1""",0.056074766355140186
"""bbra_rtr/te7/2""","""bbrb_rtr/te1/1""",0.05555555555555555
"""bbra_rtr/te7/2""","""bbrb_rtr/te6/1""",0.05555555555555555
"""bbra_rtr/te7/2""","""bbrb_rtr/te7/3""",0.05555555555555555
"""boza_rtr/te2/4""","""boza_rtr/te3/3""",0.05555555555555555
"""boza_rtr/te3/3""","""boza_rtr/gi4/4""",0.05555555555555555
"""boza_rtr/te3/3""","""boza_rtr/gi4/3""",0.05555555555555555
"""boza_rtr/te3/3""","""boza_rtr/te2/2""",0.05555555555555555
"""boza_rtr/te3/3""","""boza_rtr/te2/4""",0.05555555555555555
"""boza_rtr/gi4/4""","""boza_rtr/te3/3""",0.05555555555555555
"""boza_rtr/gi4/3""","""boza_rtr/te3/3""",0.05555555555555555
"""boza_rtr/te2/2""","""boza_rtr/te3/3""",0.05555555555555555
"""yoza_rtr/self""","""bbra_rtr/self""",0.05514705882352941
"""bbra_rtr/self""","""yoza_rtr/self""",0.05514705882352941
"""bozb_rtr/te2/4""","""bozb_rtr/te3/3""",0.05405405405405406
"""bozb_rtr/te3/3""","""bozb_rtr/te2/4""",0.05405405405405406
"""coza_rtr/te2/1""","""soza_rtr/te2/4""",0.05405405405405406
"""soza_rtr/te2/4""","""coza_rtr/te2/1""",0.05405405405405406
"""poza_rtr/self""","""cozb_rtr/te3/1""",0.05365853658536585
"""bozb_rtr/te2/2""","""bozb_rtr/te3/3""",0.05263157894736842
"""bozb_rtr/te2/4""","""boza_rtr/gi4/46""",0.05263157894736842
"""bozb_rtr/te3/3""","""bozb_rtr/te2/2""",0.05263157894736842
"""bozb_rtr/te3/3""","""rozb_rtr/te3/1""",0.05263157894736842
"""bozb_rtr/gi4/3""","""boza_rtr/te3/3""",0.05263157894736842
"""yoza_rtr/gi2/2""","""yozb_rtr/te2/4""",0.05263157894736842
"""boza_rtr/gi4/46""","""bozb_rtr/te2/4""",0.05263157894736842
"""roza_rtr/self""","""yozb_rtr/self""",0.05263157894736842
"""boza_rtr/te3/3""","""bozb_rtr/gi4/3""",0.05263157894736842
"""poza_rtr/self""","""yozb_rtr/self""",0.05217391304347826
"""coza_rtr/te2/1""","""yoza_rtr/te1/3""",0.05
"""boza_rtr/gi4/46""","""rozb_rtr/te3/1""",0.05
"""soza_rtr/te2/4""","""sozb_rtr/te3/3""",0.049281314168377825
"""sozb_rtr/te3/3""","""soza_rtr/te2/4""",0.049281314168377825
"""roza_rtr/self""","""cozb_rtr/self""",0.04838709677419355
"""poza_rtr/self""","""cozb_rtr/self""",0.048
"""boza_rtr/te3/3""","""bozb_rtr/te2/4""",0.047619047619047616
"""bozb_rtr/te2/4""","""boza_rtr/te3/3""",0.047619047619047616
"""roza_rtr/self""","""sozb_rtr/self""",0.04580152671755725
"""soza_rtr/self""","""poza_rtr/te2/1""",0.04560260586319218
"""soza_rtr/self""","""gozb_rtr/te3/1""",0.04560260586319218
"""bozb_rtr/te2/2""","""boza_rtr/te3/3""",0.045454545454545456
"""bozb_rtr/gi4/3""","""boza_rtr/self""",0.045454545454545456
"""boza_rtr/self""","""bozb_rtr/gi4/3""",0.045454545454545456
"""boza_rtr/te3/3""","""bozb_rtr/te2/2""",0.045454545454545456
"""boza_rtr/te3/3""","""rozb_rtr/te3/1""",0.045454545454545456
"""yoza_rtr/gi3/11""","""yoza_rtr/gi2/13""",0.044009779951100246
"""yoza_rtr/gi3/11""","""yoza_rtr/gi2/16""",0.044009779951100246
"""yoza_rtr/gi3/11""","""yoza_rtr/gi3/4""",0.044009779951100246
"""yoza_rtr/gi3/11""","""yoza_rtr/gi3/3""",0.044009779951100246
"""yoza_rtr/gi3/11""","""yoza_rtr/gi2/3""",0.044009779951100246
"""roza_rtr/gi1/2""","""bbrb_rtr/self""",0.04395604395604396
"""poza_rtr/gi1/2""","""bbrb_rtr/self""",0.04395604395604396
"""pozb_rtr/gi1/2""","""bbrb_rtr/self""",0.04395604395604396
"""goza_rtr/gi1/2""","""bbrb_rtr/self""",0.04395604395604396
"""bozb_rtr/gi1/2""","""bbrb_rtr/self""",0.04395604395604396
"""rozb_rtr/self""","""boza_rtr/self""",0.043478260869565216
"""boza_rtr/self""","""rozb_rtr/self""",0.043478260869565216
"""yozb_rtr/te1/3""","""yoza_rtr/gi2/13""",0.043373493975903614
"""yozb_rtr/te1/3""","""yoza_rtr/gi3/4""",0.043373493975903614
"""yozb_rtr/te1/3""","""yoza_rtr/gi3/3""",0.043373493975903614
"""yoza_rtr/te1/1""","""yoza_rtr/gi2/13""",0.043373493975903614
"""yoza_rtr/te1/1""","""yoza_rtr/gi2/16""",0.043373493975903614
"""yoza_rtr/te1/1""","""yoza_rtr/gi3/4""",0.043373493975903614
"""boza_rtr/gi4/47""","""bbrb_rtr/self""",0.043010752688172046
"""bbra_rtr/gi4/16""","""bbrb_rtr/self""",0.04295942720763723
"""poza_rtr/te2/4""","""pozb_rtr/te3/3""",0.04285714285714286
"""pozb_rtr/te3/3""","""poza_rtr/te2/4""",0.04285714285714286
"""yoza_rtr/gi3/11""","""yoza_rtr/te7/2""",0.04275534441805225
"""yoza_rtr/gi3/11""","""yoza_rtr/gi2/4""",0.04275534441805225
"""coza_rtr/self""","""poza_rtr/te2/1""",0.04216867469879518
"""coza_rtr/self""","""gozb_rtr/te3/1""",0.04216867469879518
"""gozb_rtr/gi1/2""","""bbrb_rtr/self""",0.042105263157894736
"""goza_rtr/te3/4""","""gozb_rtr/te3/3""",0.041666666666666664
"""boza_rtr/self""","""pozb_rtr/self""",0.041666666666666664
"""boza_rtr/self""","""bozb_rtr/te2/4""",0.041666666666666664
"""bozb_rtr/te2/4""","""boza_rtr/self""",0.041666666666666664
"""pozb_rtr/self""","""boza_rtr/self""",0.041666666666666664
"""gozb_rtr/gi4/19""","""gozb_rtr/te3/3""",0.04132231404958678
"""gozb_rtr/gi4/20""","""gozb_rtr/te3/3""",0.04132231404958678
"""goza_rtr/gi4/7""","""gozb_rtr/te3/3""",0.04132231404958678
"""goza_rtr/gi4/4""","""gozb_rtr/te3/3""",0.04132231404958678
"""goza_rtr/gi4/5""","""gozb_rtr/te3/3""",0.04132231404958678
"""goza_rtr/gi4/18""","""gozb_rtr/te3/3""",0.04132231404958678
"""yoza_rtr/fa4/46""","""gozb_rtr/te3/3""",0.04132231404958678
"""yozb_rtr/gi5/2""","""gozb_rtr/te3/3""",0.04132231404958678
"""soza_rtr/te2/1""","""pozb_rtr/te2/4""",0.04081632653061224
"""pozb_rtr/te2/4""","""soza_rtr/te2/1""",0.04081632653061224
"""soza_rtr/te3/3""","""sozb_rtr/self""",0.040498442367601244
"""soza_rtr/te2/1""","""bbra_rtr/te6/1""",0.04
"""boza_rtr/self""","""bozb_rtr/te2/2""",0.04
"""boza_rtr/self""","""rozb_rtr/te3/1""",0.04
"""bozb_rtr/te2/2""","""boza_rtr/self""",0.04
"""goza_rtr/gi4/19""","""gozb_rtr/te3/3""",0.03937007874015748
"""goza_rtr/gi4/20""","""gozb_rtr/te3/3""",0.03937007874015748
"""poza_rtr/gi4/46""","""cozb_rtr/te3/1""",0.03910614525139665
"""coza_rtr/te2/1""","""bbra_rtr/gi4/15""",0.038461538461538464
"""coza_rtr/te2/1""","""bbra_rtr/gi4/14""",0.038461538461538464
"""coza_rtr/te2/1""","""bbra_rtr/gi4/8""",0.038461538461538464
"""coza_rtr/te2/1""","""bbrb_rtr/gi4/3""",0.038461538461538464
"""coza_rtr/te2/1""","""bbrb_rtr/te7/4""",0.038461538461538464
"""bbra_rtr/gi4/14""","""coza_rtr/te2/1""",0.038461538461538464
"""bbra_rtr/gi4/15""","""coza_rtr/te2/1""",0.038461538461538464
"""boza_rtr/self""","""gozb_rtr/self""",0.038461538461538464
"""yoza_rtr/self""","""gozb_rtr/self""",0.038338658146964855
"""yoza_rtr/self""","""bbra_rtr/te1/1""",0.036923076923076927
"""coza_rtr/self""","""yozb_rtr/self""",0.03680981595092025
"""bbra_rtr/gi4/16""","""yoza_rtr/te1/3""",0.036585365853658534
"""goza_rtr/te2/4""","""gozb_rtr/te3/3""",0.03597122302158273
"""yoza_rtr/self""","""cozb_rtr/self""",0.03582089552238806
"""boza_rtr/self""","""yozb_rtr/self""",0.03571428571428571
"""bbra_rtr/gi4/16""","""bozb_rtr/te3/1""",0.03529411764705882
"""bbra_rtr/gi4/16""","""bbra_rtr/te7/4""",0.03529411764705882
"""yoza_rtr/self""","""sozb_rtr/self""",0.03508771929824561
"""bbrb_rtr/gi4/15""","""bbrb_rtr/gi5/1""",0.03389830508474576
"""yoza_rtr/self""","""goza_rtr/self""",0.0332409972299169
"""coza_rtr/te3/3""","""cozb_rtr/te2/4""",0.03278688524590164
"""cozb_rtr/te2/4""","""coza_rtr/te3/3""",0.03278688524590164
"""poza_rtr/te2/4""","""soza_rtr/te2/1""",0.03278688524590164
"""bbra_rtr/gi4/14""","""bbrb_rtr/gi5/1""",0.03278688524590164
"""bbra_rtr/gi4/15""","""bbrb_rtr/gi5/1""",0.03278688524590164
"""coza_rtr/te3/3""","""coza_rtr/te2/4""",0.03125
"""coza_rtr/te2/4""","""coza_rtr/te3/3""",0.03125
"""bbra_rtr/gi4/11""","""bbrb_rtr/gi5/1""",0.03076923076923077
"""bozb_rtr/te2/2""","""bbrb_rtr/gi5/1""",0.029850746268656716
"""yoza_rtr/gi5/1""","""yoza_rtr/fa4/42""",0.029045643153526972
"""yoza_rtr/fa4/4""","""yoza_rtr/fa4/42""",0.029045643153526972
"""bozb_rtr/te3/3""","""boza_rtr/te2/2""",0.02857142857142857
"""bozb_rtr/te3/3""","""sozb_rtr/gi1/2""",0.02857142857142857
"""bozb_rtr/te3/3""","""boza_rtr/gi4/3""",0.02857142857142857
"""bbra_rtr/gi4/9""","""coza_rtr/te2/1""",0.02857142857142857
"""boza_rtr/gi4/3""","""bozb_rtr/te3/3""",0.02857142857142857
"""boza_rtr/te2/2""","""bozb_rtr/te3/3""",0.02857142857142857
"""boza_rtr/te2/4""","""bozb_rtr/te3/3""",0.02857142857142857
"""sozb_rtr/te3/1""","""soza_rtr/te2/1""",0.028169014084507043
"""cozb_rtr/gi1/2""","""poza_rtr/te2/1""",0.026200873362445413
"""cozb_rtr/gi1/2""","""gozb_rtr/te3/1""",0.026200873362445413
"""sozb_rtr/te3/1""","""coza_rtr/te2/4""",0.025210084033613446
"""coza_rtr/te2/4""","""sozb_rtr/te3/1""",0.025210084033613446
"""yoza_rtr/gi2/2""","""yoza_rtr/fa4/42""",0.024896265560165973
"""yoza_rtr/gi2/5""","""yoza_rtr/fa4/42""",0.024896265560165973
"""yoza_rtr/fa4/37""","""yoza_rtr/fa4/42""",0.024896265560165973
"""yoza_rtr/fa4/39""","""yoza_rtr/fa4/42""",0.024896265560165973
"""yoza_rtr/fa4/44""","""yoza_rtr/fa4/42""",0.024896265560165973
"""yoza_rtr/gi3/5""","""yoza_rtr/fa4/42""",0.024896265560165973
"""yoza_rtr/gi2/1""","""yoza_rtr/fa4/42""",0.024896265560165973
"""yoza_rtr/gi3/6""","""yoza_rtr/fa4/42""",0.024896265560165973
"""yoza_rtr/gi2/9""","""yoza_rtr/fa4/42""",0.024291497975708502
"""soza_rtr/te2/2""","""sozb_rtr/te2/4""",0.022813688212927757
"""sozb_rtr/te2/4""","""soza_rtr/te2/2""",0.022813688212927757
"""sozb_rtr/te2/4""","""soza_rtr/te3/3""",0.022304832713754646
"""soza_rtr/te3/3""","""sozb_rtr/te2/4""",0.022304832713754646
"""yoza_rtr/self""","""soza_rtr/self""",0.02214022140221402
"""yoza_rtr/gi2/8""","""bbrb_rtr/self""",0.02197802197802198
"""yoza_rtr/gi2/10""","""bbrb_rtr/self""",0.02197802197802198
"""yoza_rtr/fa4/45""","""bbrb_rtr/self""",0.02197802197802198
"""yoza_rtr/fa4/46""","""bbrb_rtr/self""",0.02197802197802198
"""yozb_rtr/gi5/2""","""bbrb_rtr/self""",0.02197802197802198
"""soza_rtr/te2/2""","""sozb_rtr/self""",0.021806853582554516
"""yoza_rtr/gi2/9""","""bbrb_rtr/self""",0.021505376344086023
"""soza_rtr/gi1/2""","""sozb_rtr/self""",0.021406727828746176
"""soza_rtr/te2/4""","""soza_rtr/te2/2""",0.021352313167259787
"""yoza_rtr/gi2/8""","""bbra_rtr/self""",0.021052631578947368
"""yoza_rtr/gi2/10""","""bbra_rtr/self""",0.021052631578947368
"""yoza_rtr/fa4/45""","""bbra_rtr/self""",0.021052631578947368
"""bbrb_rtr/gi4/15""","""bbra_rtr/self""",0.021052631578947368
"""soza_rtr/te2/4""","""soza_rtr/te3/3""",0.020905923344947737
"""yoza_rtr/gi2/9""","""bbra_rtr/self""",0.020618556701030927
"""bbra_rtr/gi4/14""","""soza_rtr/te2/1""",0.02
"""bbra_rtr/gi4/15""","""soza_rtr/te2/1""",0.02
"""pozb_rtr/gi4/47""","""soza_rtr/te2/1""",0.02
"""poza_rtr/gi1/1""","""soza_rtr/te2/1""",0.02
"""bozb_rtr/te2/4""","""bbra_rtr/self""",0.019801980198019802
"""goza_rtr/te2/4""","""bbra_rtr/self""",0.019801980198019802
"""bozb_rtr/te2/2""","""bbra_rtr/self""",0.019417475728155338
"""soza_rtr/gi1/2""","""gozb_rtr/te3/1""",0.018808777429467086
"""soza_rtr/te2/4""","""cozb_rtr/te3/1""",0.018292682926829267
"""yoza_rtr/gi5/1""","""yoza_rtr/gi2/13""",0.017114914425427872
"""yoza_rtr/gi5/1""","""yoza_rtr/gi2/16""",0.017114914425427872
"""yoza_rtr/gi5/1""","""yoza_rtr/gi3/4""",0.017114914425427872
"""yoza_rtr/gi5/1""","""yoza_rtr/gi3/3""",0.017114914425427872
"""yoza_rtr/gi5/1""","""yoza_rtr/gi2/3""",0.017114914425427872
"""yoza_rtr/fa4/4""","""yoza_rtr/gi2/13""",0.017114914425427872
"""yoza_rtr/fa4/4""","""yoza_rtr/gi2/16""",0.017114914425427872
"""yoza_rtr/fa4/4""","""yoza_rtr/gi3/4""",0.017114914425427872
"""yoza_rtr/fa4/4""","""yoza_rtr/gi3/3""",0.017114914425427872
"""yoza_rtr/fa4/4""","""yoza_rtr/gi2/3""",0.017114914425427872
"""yoza_rtr/gi5/1""","""yoza_rtr/te7/2""",0.0166270783847981
"""yoza_rtr/gi5/1""","""yoza_rtr/gi2/4""",0.0166270783847981
"""yoza_rtr/fa4/4""","""yoza_rtr/te7/2""",0.0166270783847981
"""yoza_rtr/fa4/4""","""yoza_rtr/gi2/4""",0.0166270783847981
"""boza_rtr/gi4/46""","""bbrb_rtr/self""",0.01652892561983471
"""boza_rtr/gi4/46""","""bbra_rtr/self""",0.016
"""sozb_rtr/te2/2""","""sozb_rtr/te2/4""",0.015706806282722512
"""sozb_rtr/te2/4""","""sozb_rtr/te2/2""",0.015706806282722512
"""soza_rtr/te2/4""","""sozb_rtr/te3/1""",0.015503875968992248
"""soza_rtr/te2/4""","""sozb_rtr/te2/2""",0.015
"""yoza_rtr/gi2/2""","""yoza_rtr/gi2/13""",0.014669926650366748
"""yoza_rtr/gi2/2""","""yoza_rtr/gi2/16""",0.014669926650366748
"""yoza_rtr/gi2/2""","""yoza_rtr/gi3/4""",0.014669926650366748
"""yoza_rtr/gi2/2""","""yoza_rtr/gi3/3""",0.014669926650366748
"""yoza_rtr/gi2/2""","""yoza_rtr/gi2/3""",0.014669926650366748
"""yoza_rtr/gi2/5""","""yoza_rtr/gi2/13""",0.014669926650366748
"""yoza_rtr/gi2/5""","""yoza_rtr/gi2/16""",0.014669926650366748
"""yoza_rtr/gi2/5""","""yoza_rtr/gi3/4""",0.014669926650366748
"""yoza_rtr/gi2/5""","""yoza_rtr/gi3/3""",0.014669926650366748
"""yoza_rtr/gi2/5""","""yoza_rtr/gi2/3""",0.014669926650366748
"""yoza_rtr/fa4/37""","""yoza_rtr/gi2/13""",0.014669926650366748
"""yoza_rtr/fa4/37""","""yoza_rtr/gi2/16""",0.014669926650366748
"""yoza_rtr/fa4/37""","""yoza_rtr/gi3/4""",0.014669926650366748
"""yoza_rtr/fa4/37""","""yoza_rtr/gi3/3""",0.014669926650366748
"""yoza_rtr/fa4/37""","""yoza_rtr/gi2/3""",0.014669926650366748
"""yoza_rtr/fa4/39""","""yoza_rtr/gi2/13""",0.014669926650366748
"""yoza_rtr/fa4/39""","""yoza_rtr/gi2/16""",0.014669926650366748
"""yoza_rtr/fa4/39""","""yoza_rtr/gi3/4""",0.014669926650366748
"""yoza_rtr/fa4/39""","""yoza_rtr/gi3/3""",0.014669926650366748
"""yoza_rtr/fa4/39""","""yoza_rtr/gi2/3""",0.014669926650366748
"""yoza_rtr/fa4/44""","""yoza_rtr/gi2/16""",0.014669926650366748
"""yoza_rtr/fa4/44""","""yoza_rtr/gi3/4""",0.014669926650366748
"""yoza_rtr/fa4/44""","""yoza_rtr/gi3/3""",0.014669926650366748
"""yoza_rtr/fa4/44""","""yoza_rtr/gi2/13""",0.014669926650366748
"""yoza_rtr/fa4/44""","""yoza_rtr/gi2/3""",0.014669926650366748
"""yoza_rtr/gi3/5""","""yoza_rtr/gi2/13""",0.014669926650366748
"""yoza_rtr/gi3/5""","""yoza_rtr/gi2/16""",0.014669926650366748
"""yoza_rtr/gi3/5""","""yoza_rtr/gi3/4""",0.014669926650366748
"""yoza_rtr/gi3/5""","""yoza_rtr/gi3/3""",0.014669926650366748
"""yoza_rtr/gi3/5""","""yoza_rtr/gi2/3""",0.014669926650366748
"""yoza_rtr/gi2/1""","""yoza_rtr/gi2/13""",0.014669926650366748
"""yoza_rtr/gi2/1""","""yoza_rtr/gi2/16""",0.014669926650366748
"""yoza_rtr/gi2/1""","""yoza_rtr/gi3/4""",0.014669926650366748
"""yoza_rtr/gi2/1""","""yoza_rtr/gi3/3""",0.014669926650366748
"""yoza_rtr/gi2/1""","""yoza_rtr/gi2/3""",0.014669926650366748
"""yoza_rtr/gi3/6""","""yoza_rtr/gi2/13""",0.014669926650366748
"""yoza_rtr/gi3/6""","""yoza_rtr/gi2/16""",0.014669926650366748
"""yoza_rtr/gi3/6""","""yoza_rtr/gi3/4""",0.014669926650366748
"""yoza_rtr/gi3/6""","""yoza_rtr/gi3/3""",0.014669926650366748
"""yoza_rtr/gi3/6""","""yoza_rtr/gi2/3""",0.014669926650366748
"""yoza_rtr/fa4/41""","""yoza_rtr/gi2/16""",0.014457831325301205
"""yoza_rtr/fa4/41""","""yoza_rtr/gi3/4""",0.014457831325301205
"""yoza_rtr/fa4/41""","""yoza_rtr/gi3/3""",0.014457831325301205
"""yoza_rtr/fa4/41""","""yoza_rtr/gi2/13""",0.014457831325301205
"""yoza_rtr/fa4/41""","""yoza_rtr/gi2/3""",0.014457831325301205
"""yoza_rtr/gi2/9""","""yoza_rtr/gi2/16""",0.014457831325301205
"""yoza_rtr/gi2/9""","""yoza_rtr/gi3/4""",0.014457831325301205
"""yoza_rtr/gi2/9""","""yoza_rtr/gi3/3""",0.014457831325301205
"""yoza_rtr/gi2/9""","""yoza_rtr/gi2/13""",0.014457831325301205
"""cozb_rtr/te3/3""","""cozb_rtr/te2/4""",0.014354066985645933
"""cozb_rtr/te2/4""","""cozb_rtr/te3/3""",0.014354066985645933
"""yoza_rtr/gi2/2""","""yoza_rtr/te7/2""",0.014251781472684086
"""yoza_rtr/gi2/2""","""yoza_rtr/gi2/4""",0.014251781472684086
"""yoza_rtr/gi2/5""","""yoza_rtr/te7/2""",0.014251781472684086
"""yoza_rtr/gi2/5""","""yoza_rtr/gi2/4""",0.014251781472684086
"""yoza_rtr/fa4/37""","""yoza_rtr/te7/2""",0.014251781472684086
"""yoza_rtr/fa4/37""","""yoza_rtr/gi2/4""",0.014251781472684086
"""yoza_rtr/fa4/39""","""yoza_rtr/te7/2""",0.014251781472684086
"""yoza_rtr/fa4/39""","""yoza_rtr/gi2/4""",0.014251781472684086
"""yoza_rtr/gi3/5""","""yoza_rtr/te7/2""",0.014251781472684086
"""yoza_rtr/gi3/5""","""yoza_rtr/gi2/4""",0.014251781472684086
"""yoza_rtr/gi2/1""","""yoza_rtr/te7/2""",0.014251781472684086
"""yoza_rtr/gi2/1""","""yoza_rtr/gi2/4""",0.014251781472684086
"""yoza_rtr/gi3/6""","""yoza_rtr/te7/2""",0.014251781472684086
"""yoza_rtr/gi3/6""","""yoza_rtr/gi2/4""",0.014251781472684086
"""cozb_rtr/te3/3""","""coza_rtr/te2/4""",0.01405152224824356
"""yoza_rtr/fa4/41""","""yoza_rtr/te7/2""",0.01405152224824356
"""coza_rtr/te2/4""","""cozb_rtr/te3/3""",0.01405152224824356
"""pozb_rtr/te2/4""","""cozb_rtr/te3/1""",0.013071895424836602
"""sozb_rtr/te2/4""","""sozb_rtr/te3/3""",0.012320328542094456
"""poza_rtr/te2/4""","""cozb_rtr/te3/1""",0.012121212121212121
"""coza_rtr/gi1/1""","""coza_rtr/te2/1""",0.009900990099009901
"""cozb_rtr/te2/4""","""sozb_rtr/te3/1""",0.008928571428571428
"""bbra_rtr/gi4/14""","""sozb_rtr/te3/1""",0.00847457627118644
"""bbra_rtr/gi4/15""","""sozb_rtr/te3/1""",0.00847457627118644
"""sozb_rtr/te2/4""","""cozb_rtr/te3/1""",0.006756756756756757
"""poza_rtr/gi1/1""","""cozb_rtr/te3/1""",0.006493506493506494
"""bbra_rtr/gi4/14""","""cozb_rtr/te3/1""",0.006493506493506494
"""bbra_rtr/gi4/15""","""cozb_rtr/te3/1""",0.006493506493506494
"""pozb_rtr/gi4/47""","""cozb_rtr/te3/1""",0.006493506493506494
"""sozb_rtr/gi1/1""","""coza_rtr/te2/1""",0.004987531172069825
"""cozb_rtr/gi1/2""","""soza_rtr/te2/1""",0.004434589800443459